-0.06252179	-0.021397388	-0.02158394	-0.04288802	0.02393064	-0.041115522	0.0662907	-0.009105656	-0.05449117	-0.07413152	0.103659876	-0.012301461	-0.025488399	0.021197982	0.24968329	-0.02577139
0.038714048	-0.00073123036	-0.021698313	-0.01002002	-0.033224776	-0.11759323	0.009956771	-0.03973977	0.02723708	0.015010708	-0.0061999536	-0.0726888	0.041373655	0.043198854	0.27733043	-0.022474289
0.2534093	0.23528528	0.2578706	0.18336807	0.24766403	0.110791884	-0.24831839	0.22433442	0.18204066	0.16951297	-0.17605896	0.2075668	0.30989236	-0.31535205	0.44651723	-0.30188656
0.039156202	-0.04672657	-0.020926243	0.029403526	0.06652602	-0.04170203	0.02689632	0.025986401	0.0052015632	-0.062385548	-0.03598674	-0.040035352	0.039011713	0.029545313	0.18864593	-0.05310896
-0.090704344	-0.12130613	-0.06223795	-0.10734534	-0.017949043	-0.1336842	0.11517592	-0.011089336	-0.07018083	-0.09340892	0.17563955	-0.113088444	-0.10079368	0.034191795	0.18956992	0.04785378
-0.07545625	-0.056428496	-0.032464404	0.0021805288	-0.042408716	-0.08207957	-0.052333035	-0.0572755	-0.03600468	0.009698335	0.052521322	-0.02322134	-0.008578422	0.03731325	0.24832916	0.00031233742
0.1172964	0.0970747	0.17872407	0.12148821	0.10760201	0.15499355	-0.07037988	0.1924706	0.030719047	0.20641592	-0.12871976	0.13921815	0.2083641	-0.15590644	0.18517116	-0.20167558
-0.034805976	-0.07427157	-0.011552416	-0.118251555	-0.061923992	-0.07603211	0.11305148	-0.06062112	-0.0750483	-0.08944492	0.13157652	-0.078578174	-0.054532528	0.11677788	0.1439738	0.04329488
-0.019538857	-0.03956476	-0.03478173	-0.03866834	0.064900205	-0.09834608	0.017087676	-0.010264189	-0.012878258	-0.06001668	0.031090302	-0.06577665	0.029565973	0.032996397	0.101635024	-0.022186853
-0.039341945	-0.10812311	-0.10214283	-0.09359771	-0.049067322	-0.0637836	0.17089453	-0.114182	-0.06681382	-0.12692475	0.12925039	-0.16180573	-0.055486783	0.11226223	0.11865604	0.06206574
-0.07090555	-0.11953487	-0.08589266	-0.045635983	-0.061123427	-0.05144905	0.03409793	-0.075725034	-0.07526202	-0.05088972	0.15493776	-0.04142722	-0.08225028	0.040785328	0.19689907	0.045988496
0.042698946	0.051141065	0.09302327	0.029716022	0.08112142	0.0013931715	-0.022697285	0.04791321	0.07669685	-0.013453988	-0.062107284	0.027831662	0.09609714	-0.06346978	0.19459507	-0.12004506
0.06038518	-0.0030463934	0.032099787	0.0078024454	-0.093375966	-0.0679261	-0.07166859	-0.0060170847	0.020168234	-0.02162432	0.0917883	-0.01567815	-0.003084372	0.0690561	0.19647266	-0.043561157
-0.82383645	-0.7044851	-0.88318753	-0.69990957	-0.7678629	-0.73172307	0.6876755	-0.7162759	-0.78542036	-0.76594067	0.7930975	-0.6955201	-0.7623754	0.8454534	-0.36800662	0.7650752
0.06341599	0.00011506677	0.01677498	0.007820128	0.00184455	-0.047314018	0.031462237	-0.03163609	-0.046334475	-0.028814133	-0.015440002	-0.006838453	-0.03638357	-0.055177137	0.12417509	-0.021361532
-0.08449125	-0.015426172	-0.013299615	-0.07144418	-0.089708425	-0.11979333	0.013284186	-0.06813852	-0.011448005	0.0050127916	0.09696017	-0.10900735	-0.021783073	0.03803063	0.17107517	0.025922462
0.19128719	0.15637168	0.2143834	0.16927041	0.26765984	0.1615048	-0.18458843	0.21708062	0.15241162	0.20479222	-0.18539767	0.16985027	0.26322597	-0.29460922	0.25033525	-0.22417124
0.18200572	0.11456456	0.16381815	0.13890617	0.17780715	0.11668465	-0.12114145	0.17460023	0.16986403	0.12748712	-0.10323796	0.15862244	0.21652399	-0.17305458	0.15380967	-0.13936065
1.0966213	0.93495226	1.1125008	0.9033356	1.0204918	0.8175963	-0.98254174	0.9810829	0.95771384	0.92942923	-1.0285363	0.98675627	1.0807148	-1.0452425	0.7508308	-1.0251139
0.67003304	0.72641563	0.69647986	0.5955432	0.6829697	0.56756735	-0.68478596	0.71968234	0.5861202	0.6621761	-0.65685683	0.6472429	0.67822343	-0.6886556	0.5547663	-0.654264
-0.061422154	0.006564355	0.032915857	0.032533668	0.0342111	0.010069392	0.05575443	0.038123116	0.008047572	0.0427809	-0.02849138	0.020169698	-0.010694023	-0.04163469	0.084248684	-0.07286455
-0.082049474	-0.09432517	-0.14546606	-0.20851168	-0.18987095	-0.17410721	0.15955247	-0.12861815	-0.19286689	-0.1808578	0.17822221	-0.20904908	-0.11026752	0.27381876	0.050402634	0.11207985
0.10217868	0.1169903	0.20345357	0.06578406	0.19212368	0.08834207	-0.13643971	0.13994662	0.09550556	0.14879324	-0.09739005	0.06118238	0.12958068	-0.17594486	0.23521921	-0.2061465
0.11064558	0.099819966	0.099206716	0.027922103	0.030328277	0.07670494	-0.10308101	0.0876699	0.06696971	0.039326943	-0.0037858495	0.0277729	-0.0030683952	-0.06805883	0.15883824	-0.051697988
0.16893242	0.06265295	-0.011129119	0.035197277	0.15183593	-0.002146305	-0.14588054	0.070103094	0.08576541	-0.013709533	-0.09225278	0.13660567	0.055868782	-0.037631173	0.10620756	-0.06607598
0.13492292	0.15268084	0.20483395	0.1195521	0.18723169	0.1419065	-0.19532946	0.23450215	0.13406682	0.18220496	-0.12666273	0.14024673	0.20011227	-0.19254273	0.21717265	-0.18300368
-0.012947342	0.009361564	-0.03326945	-0.00061449374	0.08353531	-0.0049743387	0.0013644535	-0.012352073	0.08542816	0.067068376	-0.013051981	-0.031272233	0.0533543	0.026706569	0.109811895	-0.12943596
0.10998448	0.1303307	0.1619378	0.16534247	0.13412978	0.1969283	-0.10095694	0.12723738	0.11273269	0.18360154	-0.07360924	0.14023003	0.1275193	-0.11811089	0.20749395	-0.12419627
-0.05363572	-0.004151425	-0.07286286	-0.033534322	0.02058573	-0.047249936	0.08926291	-0.052314393	-0.013887936	0.0039570425	0.01494085	-0.06380005	-0.071107395	0.0050566285	0.06938895	-0.02750547
-0.081224814	-0.09757506	-0.09899606	-0.11132712	-0.102369085	-0.067655526	0.13162373	-0.077575885	-0.031782597	-0.050108656	0.05704187	-0.14663881	-0.13150643	0.08003161	-0.0018770706	0.10152445
0.056352116	0.033793047	0.016080355	-0.075703494	-0.069996156	0.0010293935	0.059886068	0.0059913606	0.0008497895	-0.019925542	0.041316215	-0.03203046	-0.049330536	0.10614586	-0.03134986	0.014436302
-0.14051767	-0.18925749	-0.13555911	-0.21128213	-0.25367594	-0.12821841	0.20024616	-0.14039484	-0.17677255	-0.14898339	0.20625341	-0.19880234	-0.17980105	0.18132979	-0.05145018	0.101413965
0.26292914	0.22737439	0.18389498	0.134954	0.2777617	0.14124304	-0.18495831	0.13530608	0.25986153	0.16602299	-0.22208762	0.16223277	0.20656526	-0.18837702	0.16210954	-0.19933796
0.21474887	0.17226668	0.18517154	0.214693	0.17188057	0.18546866	-0.13457215	0.14301236	0.13436575	0.1312283	-0.1673552	0.22040927	0.1422694	-0.19877663	0.19215429	-0.20487787
0.25195843	0.18230604	0.23927079	0.19711123	0.23920624	0.13166988	-0.17425428	0.1931647	0.19669934	0.20177622	-0.11921654	0.11125075	0.14603163	-0.17332219	0.22520563	-0.21584055
-0.010215572	0.026378827	0.09598077	0.11089324	0.060499787	-0.018070128	-0.008179516	0.102204524	0.022739863	0.05236035	-0.045056388	0.060414456	0.03599198	-0.13066511	0.103518315	0.008830061
-0.0028214147	-0.017471336	0.11499491	0.07752411	0.084109746	0.014406777	-0.015037532	0.076450184	0.14359052	0.01869499	-0.051496822	0.07284127	0.104410075	-0.10288952	0.13160418	-0.019127423
0.052429944	-0.021030372	0.022183655	-0.0331127	0.0010989996	0.0027512126	0.0763521	-0.03790732	-0.051770546	-0.029759578	0.024755325	0.0357693	-0.017109975	0.0059664156	0.092834	-0.046443433
0.07945254	0.106831186	0.058309518	0.07400882	0.07365065	0.0013728603	0.012944978	0.06749243	0.059559103	0.013882507	-0.03240524	0.049392447	0.09500201	-0.09540438	0.101030216	-0.024508936
-0.34159377	-0.29681757	-0.37369326	-0.23051086	-0.27452233	-0.3424036	0.32098284	-0.33337143	-0.24433614	-0.29584748	0.37747782	-0.2528815	-0.27403125	0.385705	-0.17445645	0.26122257
-0.046780918	-0.017043896	-0.13821769	-0.05829945	-0.05844743	-0.062053274	0.10153423	-0.008639876	0.010008302	-0.10481395	0.09057834	-0.09354736	-0.10688198	0.020167938	0.036904175	0.053854883
0.5359686	0.46839836	0.52196586	0.44577128	0.37918746	0.40312126	-0.4137613	0.42633745	0.39141262	0.47337875	-0.49538106	0.5023002	0.53276265	-0.43730915	0.4260223	-0.48738652
0.0178327	0.096246324	0.09226203	0.047832545	0.11374165	0.09136695	-0.1133964	0.117687166	0.06746132	-0.0069570327	-0.09878266	0.07374695	0.05852165	-0.044552587	0.17593834	-0.032254342
0.037758384	0.08377967	0.0031510256	0.09740744	0.107415944	0.09040568	-0.064724796	0.0009800493	0.052657302	0.031902615	0.016233487	0.121805355	0.068427086	-0.009579885	0.10577354	-0.11813669
-0.052188702	-0.0064732446	-0.08045138	0.0057830797	-0.06864197	-0.080192454	0.016493311	0.023858972	-0.028982429	-0.076804295	0.006669932	-0.09912671	-0.023365386	0.03204795	0.016480252	0.022917204
-0.19283366	-0.2582718	-0.16479892	-0.28828767	-0.2332371	-0.21537697	0.23484959	-0.26493335	-0.22466701	-0.23564544	0.27567145	-0.14946817	-0.32786936	0.22272637	-0.07216466	0.2619263
0.019433055	0.028900307	0.07633517	0.059759308	0.08545445	0.13336247	-0.03617258	0.08926401	0.03380313	0.06740507	-0.0738545	0.13376796	0.084477544	-0.099157415	0.071044736	-0.1904723
0.8511425	0.76323485	0.902736	0.74165404	0.80344385	0.7429986	-0.8676871	0.7872646	0.77709997	0.8460546	-0.82376826	0.8112871	0.84832036	-0.8376023	0.6147335	-0.83633226
-0.13532792	-0.12461697	-0.16689344	-0.14941916	-0.17607203	-0.18621293	0.14954329	-0.20386916	-0.16360526	-0.17439692	0.15710044	-0.13272975	-0.13181074	0.16913459	-0.011646155	0.1473698
0.15509638	0.1221558	0.13942802	0.18012977	0.25241044	0.108507134	-0.18851034	0.21183896	0.16120195	0.19202843	-0.20594126	0.14002518	0.25596792	-0.14076525	0.2757923	-0.2216467
-0.50032836	-0.57612455	-0.547274	-0.5298483	-0.54591835	-0.43375847	0.49389738	-0.43346253	-0.46393925	-0.4840715	0.5119601	-0.45461315	-0.55202365	0.478444	-0.22223333	0.50242186
0.1509458	0.0587397	0.11046713	0.07260478	0.09372792	0.11192324	-0.12768953	0.18242645	0.059424773	0.112642065	-0.13065715	0.072839886	0.08675446	-0.18608662	0.13645083	-0.1694233
0.032086138	0.030588824	0.031897742	0.03952222	0.11864268	0.029763225	-0.012709862	0.025464104	0.10642524	0.0791644	-0.09784327	0.0889056	0.061859783	-0.019738082	0.16164356	-0.053047236
-0.053081848	-0.1144929	-0.039793488	-0.079887465	-0.13041466	-0.118960775	0.12084772	-0.14945409	-0.06525011	-0.11760649	0.12850054	-0.08681173	-0.09442227	0.08352341	-0.014240301	0.109242186
0.68698645	0.66018957	0.68096304	0.66277003	0.670378	0.632583	-0.63890165	0.6503028	0.6817614	0.68563265	-0.71749294	0.60215867	0.66577375	-0.66163445	0.4837498	-0.701577
-0.016185269	0.03889056	0.011356945	0.0040297825	0.08747993	-0.03867098	-0.028686546	-0.05171766	0.08127717	-0.020615157	-0.01403936	0.023421999	0.03584339	0.049183313	0.013779112	0.012382091
-0.1432616	-0.06105812	-0.13623348	-0.053794038	-0.04232323	-0.07338687	0.09117202	-0.114488244	-0.04171365	-0.0411974	0.020341014	-0.031995557	-0.09103129	0.068286635	0.019439645	-0.022792736
0.13869792	0.14800358	0.1632457	0.07064556	0.09421059	0.12988153	-0.041467346	0.111548044	0.061051257	0.19383346	-0.1535141	0.09411823	0.19539681	-0.22349857	0.18716888	-0.106388055
0.26133743	0.27767804	0.2851444	0.17284118	0.25165895	0.23803088	-0.2301468	0.28114325	0.28703988	0.21068136	-0.25010008	0.25174356	0.24016748	-0.25918347	0.23392771	-0.21522261
-0.071871266	-0.023478908	-0.079999804	-0.04291976	-0.083187535	-0.08390434	-0.0132177705	-0.08885695	-0.09717476	-0.0326774	0.05730565	-0.061683908	-0.08304964	0.07089719	-0.029581683	0.114459455
-0.07460921	-0.0737206	0.0204418	-0.097375214	-0.027951038	-0.016789353	0.024858445	-0.0190138	-0.06628651	-0.07651272	0.01327825	-0.03425321	-0.064423144	0.037228134	0.07352986	-0.0078462
-0.12849692	-0.10185519	-0.0046625347	-0.15209411	-0.023262028	0.002983554	0.08628541	0.019872347	0.014562986	-0.06181592	0.031946123	-0.06688725	-0.0251622	0.07751259	0.14712346	0.03825781
-0.22979179	-0.15800579	-0.19068643	-0.22394806	-0.2111494	-0.101010114	0.22940023	-0.24878392	-0.20451881	-0.22429428	0.16858105	-0.19921288	-0.15934946	0.27772164	-0.21521132	0.30928928
-0.17380966	-0.20325129	-0.2575229	-0.18834403	-0.2529489	-0.21803561	0.19934921	-0.25627664	-0.24998575	-0.14593506	0.21380478	-0.24600412	-0.19586304	0.2054925	0.00068082777	0.17485966
-0.181767	-0.1720809	-0.12947232	-0.13349575	-0.26397976	-0.246497	0.19361243	-0.15804386	-0.20078576	-0.1506479	0.15788554	-0.15633301	-0.16240872	0.17576285	-0.015969506	0.24556287
0.14531435	0.08868422	0.13186507	0.17382464	0.25502092	0.08519643	-0.1492655	0.087873906	0.11109282	0.09927936	-0.16097967	0.15394333	0.119663596	-0.19997211	0.1547972	-0.23679887
-0.3778202	-0.25899562	-0.2998194	-0.2947147	-0.29847977	-0.28104338	0.32110426	-0.34424752	-0.27175397	-0.3707634	0.32665431	-0.32075962	-0.31460568	0.35592434	-0.104076385	0.23848699
-0.4671728	-0.4474113	-0.44819722	-0.38969108	-0.3969964	-0.38645834	0.37081167	-0.36936334	-0.36576653	-0.3476674	0.37816522	-0.44368732	-0.37760127	0.49417493	-0.21723355	0.47570086
-0.31000772	-0.24600582	-0.32127604	-0.19257267	-0.19186795	-0.2969195	0.23425932	-0.23897126	-0.17632802	-0.2824506	0.23769355	-0.2867106	-0.22570282	0.23892373	-0.040421475	0.24535294
0.32469943	0.3354882	0.36076546	0.37366012	0.35651606	0.27590418	-0.2976947	0.39976928	0.3454936	0.29264343	-0.42253962	0.37727112	0.3386199	-0.39473468	0.2913654	-0.35904565
0.2003063	0.19636326	0.18934402	0.19337499	0.17143135	0.15887506	-0.17616811	0.2065767	0.15374695	0.18328294	-0.13901293	0.14652547	0.20329875	-0.1953017	0.1446341	-0.17046614
-0.07796227	-0.07812719	-0.06324862	-0.0739331	-0.027851768	-0.08972965	0.02459553	-0.18689093	-0.13296	-0.07465484	0.08586943	-0.1149591	-0.12901692	0.08230186	0.024394348	0.17546318
0.7090907	0.70348	0.7363702	0.60627586	0.70773864	0.6437507	-0.66501576	0.6561494	0.69666475	0.76933277	-0.69960684	0.64879704	0.71901083	-0.7327852	0.56912166	-0.75087124
-0.05819321	-0.046548873	-0.074746795	-0.08496518	-0.028694477	-0.14188504	0.14457892	-0.053996466	-0.14022724	-0.07683015	0.029073682	-0.10870364	-0.0599853	0.15548004	-0.00011216978	0.09812431
-0.015616727	-0.0033889713	-0.036422785	-0.020384476	-0.00032479572	0.006821274	0.06636609	-0.032955594	-0.042267796	-0.033291414	0.03195485	-0.08435567	-0.11089874	0.071952075	0.054273643	0.06519169
0.79317737	0.6749072	0.7555902	0.6480331	0.7488355	0.66909057	-0.674652	0.73129606	0.710488	0.65719146	-0.7224795	0.635405	0.74647343	-0.7780579	0.5021129	-0.717373
-0.051934376	-0.08889871	-0.09221561	-0.06502405	-0.029614944	-0.030463982	0.014170699	-0.037464064	-0.016187755	-0.037064437	0.06253823	-0.059420284	-0.11663855	0.016994981	0.14779322	0.042447925
-0.13786815	-0.2094696	-0.20074944	-0.11634689	-0.1499062	-0.22354142	0.20270437	-0.13038722	-0.1914508	-0.19283399	0.16491544	-0.20099731	-0.1289859	0.1481295	-0.07968612	0.17109117
-0.36358744	-0.36467764	-0.33009043	-0.31201524	-0.35606962	-0.32966626	0.35769314	-0.34458736	-0.26777583	-0.32610837	0.33444688	-0.39609584	-0.36672652	0.29335117	-0.18828812	0.3446608
0.46436918	0.44660163	0.3941336	0.41112968	0.4905144	0.4056176	-0.39374664	0.41370204	0.38725224	0.36937588	-0.42380616	0.4799374	0.39666617	-0.42336768	0.3348931	-0.47601226
-0.15515836	-0.2073578	-0.1299486	-0.11464935	-0.18145688	-0.08742586	0.05824645	-0.2065629	-0.12244892	-0.20828757	0.18117921	-0.10946578	-0.15271692	0.22325414	-0.016411768	0.07784647
0.20722397	0.123689115	0.19103591	0.2253625	0.19252063	0.23469256	-0.2277069	0.22821985	0.20846537	0.18497843	-0.157088	0.22141826	0.11264761	-0.19922607	0.19831426	-0.18706112
-0.25745434	-0.2631195	-0.19144279	-0.21979344	-0.27820066	-0.23868023	0.2722752	-0.27548045	-0.19380027	-0.22589023	0.3021119	-0.25205514	-0.24349622	0.24665459	-0.10853624	0.21030858
-0.07474396	-0.021356847	-0.05323228	0.011743456	0.0036567824	-0.0580323	-0.03569514	-0.06701045	0.0005683052	0.030889316	0.054317042	0.021480426	0.020614684	0.037199054	0.08223285	0.007853452
-0.018060608	0.009530021	-0.030089946	-0.051974427	-0.060672387	-0.024793433	0.008464034	-0.045647215	-0.06561103	0.0015169567	-0.009788983	-0.011737744	-0.029753093	-0.025092425	0.062927105	0.0007893015
-0.5244613	-0.51250535	-0.44100234	-0.4135935	-0.44889846	-0.4048177	0.4941713	-0.4867463	-0.43320262	-0.40456545	0.45151004	-0.4639684	-0.5375385	0.4404401	-0.16389494	0.43783402
-0.2446792	-0.14512175	-0.32075042	-0.16731161	-0.1946823	-0.26385483	0.24284904	-0.18998201	-0.22794604	-0.18433027	0.14307098	-0.30545962	-0.17830198	0.18073188	-0.10922797	0.2201617
0.8186229	0.7183109	0.8679171	0.7178534	0.7988422	0.6845509	-0.74824315	0.74174654	0.7659301	0.77974164	-0.73452216	0.73730594	0.79521	-0.7660521	0.49940223	-0.79817784
0.47408873	0.4249271	0.48358542	0.39739263	0.4351886	0.3303961	-0.41881883	0.42453527	0.4676813	0.43726674	-0.41552705	0.43068048	0.4378453	-0.4383051	0.43425724	-0.4739422
0.09555439	0.07351876	0.13128972	0.07215057	0.10672755	0.05265718	-0.0797006	0.12135199	0.09119547	0.038654834	-0.108952045	0.045469783	0.15298039	-0.14827542	0.1450081	-0.13493004
-0.07534754	-0.16028285	-0.101880796	-0.10646188	-0.120989904	-0.10147206	0.093295015	-0.1271299	-0.14257966	-0.14593865	0.15890013	-0.13843752	-0.11402766	0.18529487	-0.17044054	0.14373492
0.085135944	0.11893376	0.05848023	0.061736185	0.0292697	0.080893174	-0.11211685	0.033385612	0.10142068	0.09696318	-0.05671249	0.08492375	0.121025965	-0.11539056	0.102391824	-0.04930087
0.11903651	0.10328666	0.17058086	0.0361089	0.09949427	0.012132119	-0.086983316	0.082931705	0.15813807	0.08290786	-0.110870555	0.020563576	0.07970971	-0.07366615	0.11159264	-0.060519714
-0.24384655	-0.14786123	-0.2782602	-0.15956178	-0.25095838	-0.22669116	0.23690437	-0.21249078	-0.21053568	-0.26194498	0.24139169	-0.18768717	-0.23733631	0.22147484	-0.1927628	0.19691594
-0.15565614	-0.18358423	-0.09335722	-0.17752178	-0.11123894	-0.087336175	0.1213265	-0.17395364	-0.14198148	-0.1746223	0.18368798	-0.1597593	-0.18019195	0.15515473	-0.083685726	0.08127076
0.40913814	0.32488766	0.3805477	0.32907197	0.35507	0.3975423	-0.4002722	0.35649687	0.36603186	0.36093235	-0.3847227	0.3280912	0.38958094	-0.42889363	0.35308075	-0.45070556
-0.14815086	-0.058893476	-0.13883092	-0.035034034	-0.07130588	-0.06382102	0.113655925	-0.1152233	-0.042530842	-0.13364269	0.07853097	-0.070071414	-0.055084385	0.11572036	0.01258621	0.07318605
0.1490306	0.098421805	0.09218708	0.1094665	0.18773736	0.12690699	-0.053759728	0.043724433	0.14129333	0.06452287	-0.075523145	0.087494865	0.14463302	-0.046530318	0.17365281	-0.14172348
0.14237344	0.106674284	0.11661777	0.15881108	0.08877558	0.21261546	-0.17106965	0.090265654	0.122057214	0.20111129	-0.171056	0.13884205	0.15636316	-0.15152186	0.061604038	-0.10005319
-0.081670284	-0.07252541	-0.115225844	-0.02584413	-0.02221984	-0.020504853	-0.002773032	-0.015882017	-0.05089408	-0.087842	0.061395124	-0.0298499	-0.04414139	0.1306278	-0.011984313	0.028139088
0.11959126	0.09431646	0.14608143	0.09014562	0.093022466	0.13007838	-0.06932159	0.098068	0.12235331	0.14776443	-0.15261352	0.041412126	0.13200818	-0.14113237	0.117669225	-0.15231963
0.15068051	0.1082085	0.19057047	0.095184885	0.12547766	0.02723105	-0.111754656	0.14149645	0.09369665	0.12717277	-0.14842978	0.11009967	0.1458133	-0.09339795	0.1709772	-0.15135421
-0.1410993	-0.098853424	-0.17531973	-0.16115193	-0.029341472	-0.19759212	0.08616402	-0.17365105	-0.103386104	-0.11131367	0.14687037	-0.11902567	-0.0893025	0.09984369	0.00856486	0.09464793
-0.0665722	-0.105488054	-0.043530986	-0.11674088	-0.11714684	-0.0033129952	0.12303754	-0.07573434	-0.09199391	-0.015430344	0.11882561	-0.011286615	-0.07304298	0.03040185	0.0041855364	0.063835524
-0.35559294	-0.35179803	-0.4245576	-0.32997876	-0.34567547	-0.376337	0.2884231	-0.34814134	-0.42136472	-0.35530955	0.3790913	-0.33236566	-0.40807974	0.33512074	-0.1643117	0.3733816
-0.14230306	-0.090474434	-0.06827675	-0.11235662	-0.11335438	-0.1577829	0.13479614	-0.047268204	-0.15969653	-0.07525529	0.039139558	-0.028780703	-0.03143928	0.07539939	0.0061572865	0.0590094
-0.17673096	-0.18401647	-0.18051617	-0.11024289	-0.091214634	-0.15013535	0.13164115	-0.14681166	-0.10610908	-0.14975718	0.15684725	-0.18531281	-0.17386763	0.110326454	-0.01693683	0.05871872
0.10951481	-0.00749134	0.0083612595	0.020862723	-0.08321284	-0.04410438	-0.01700825	0.04902102	0.0173869	-0.048780516	0.020762509	0.028325073	0.037428237	-0.02521227	0.16574463	-0.013046281
0.017546123	-0.12976292	-0.0736935	-0.1320227	-0.08390021	-0.05923847	0.051818036	0.0034093838	-0.07213701	-0.10320366	0.108251065	-0.119695105	-0.022734014	0.114876255	0.008957139	0.14850755
0.020608153	0.013460079	0.049710818	0.05533358	0.10326179	-0.016557423	-0.10633354	0.08587307	-0.008761786	0.07707631	0.01343511	0.042776186	0.039033905	0.036508627	0.06788628	-0.102554984
0.18402098	0.1753471	0.22260663	0.13594928	0.1611458	0.1607693	-0.20855026	0.19127393	0.14952625	0.18466437	-0.1759945	0.15767907	0.15927294	-0.2242513	0.19845964	-0.2598766
-0.75798696	-0.7218923	-0.7519899	-0.6709011	-0.74681586	-0.6751623	0.74074924	-0.7297617	-0.71650803	-0.6735516	0.7561838	-0.758625	-0.70773107	0.7686711	-0.47919968	0.68480545
-0.1533964	-0.1543806	-0.19927555	-0.18691218	-0.17910765	-0.12811927	0.17331418	-0.10596051	-0.1649416	-0.19739662	0.15634519	-0.15199207	-0.15697888	0.2186239	-0.065692574	0.12876353
-0.06825495	-0.008501127	-0.056274988	0.040755734	-0.05785249	-0.007900953	0.01879576	0.09924226	-0.03379251	-0.007655243	0.01978534	0.050447274	0.08888236	0.0051222285	0.10174368	-0.046273716
-0.62409025	-0.6349486	-0.76983154	-0.60522664	-0.63690734	-0.5734973	0.66831815	-0.61357975	-0.6325435	-0.6707677	0.6523763	-0.56511015	-0.6443092	0.707407	-0.3971731	0.63180345
-0.10396701	-0.10850449	-0.19518466	-0.14060546	-0.101744324	-0.05172676	0.0975226	-0.19008024	-0.09272544	-0.08737119	0.1837258	-0.1058929	-0.13637988	0.03655259	-0.012040081	0.10148926
-0.12787503	-0.061881576	-0.030078072	-0.004970977	-0.0075493343	-0.014473444	0.1115499	-0.08216347	-0.08660722	-0.010732711	0.045078643	-0.05859901	-0.07802125	0.016969861	-0.035844363	0.07738621
-0.0068638804	-0.05446938	-0.03972652	-0.047474988	-0.12526524	-0.075432874	0.07671004	-0.088948704	-0.039372645	-0.060470395	0.026277676	0.0056707696	-0.06335717	0.02067595	0.12613283	-0.01090664
-0.6434619	-0.58619654	-0.60791963	-0.51518714	-0.6152052	-0.49433744	0.5805546	-0.5817816	-0.62757134	-0.56998795	0.6261338	-0.5855382	-0.61500895	0.66480005	-0.29562387	0.5493215
0.13757023	0.10064695	0.17853849	0.13025038	0.14258116	0.14174	-0.17722356	0.17394973	0.09813742	0.19374132	-0.13652286	0.10750576	0.06760405	-0.18585154	0.02011096	-0.14250508
-0.52375346	-0.46101084	-0.56241184	-0.51299465	-0.5477838	-0.46968183	0.44113123	-0.4793074	-0.48393548	-0.48561877	0.48475805	-0.4709031	-0.575002	0.59126335	-0.41826782	0.56258434
-0.086949445	-0.09947028	0.001308736	-0.10162306	-0.02865457	-0.10552926	0.04092163	-0.045017753	-0.031350326	-0.07039642	0.084935315	-0.035458956	-0.04426524	0.075180866	0.1413733	0.036611564
0.071639545	0.13202049	0.11733536	0.08954984	0.08781983	0.122057155	-0.1000478	0.15364455	0.14004396	0.1124049	-0.17975679	0.09485042	0.13800836	-0.09426869	0.09372664	-0.15143369
0.81887424	0.7590083	0.8226342	0.6665877	0.7686869	0.70887595	-0.6769482	0.66142416	0.7358065	0.70181984	-0.79292923	0.6899147	0.74155605	-0.7497616	0.51950806	-0.77613395
-0.64381707	-0.58302826	-0.6496537	-0.5540589	-0.63545674	-0.5356155	0.5603916	-0.6253907	-0.56838363	-0.593554	0.6821972	-0.5956661	-0.60332024	0.6279837	-0.28104734	0.62793154
-0.19131793	-0.11754793	-0.14062351	-0.15269718	-0.11810371	-0.15401036	0.19174968	-0.07106592	-0.11435382	-0.119082354	0.14297661	-0.15905376	-0.1458691	0.18238112	0.028579097	0.092887
-0.256526	-0.20511255	-0.2979317	-0.24129526	-0.243507	-0.30312735	0.22037356	-0.20839484	-0.25607982	-0.31721482	0.27598077	-0.28525686	-0.27576438	0.23375034	-0.004835346	0.19000293
0.5569053	0.49187037	0.56283987	0.51801825	0.5505029	0.4532228	-0.5189037	0.5516609	0.54067755	0.531357	-0.5318895	0.49588436	0.5105205	-0.5173702	0.41775888	-0.54337865
-0.45588395	-0.42769456	-0.42616153	-0.36023867	-0.39622146	-0.35213777	0.37494844	-0.40765235	-0.32865366	-0.34607017	0.41247854	-0.34120873	-0.3973508	0.35635632	-0.23295458	0.3184192
-0.36497608	-0.3016003	-0.38954687	-0.34251392	-0.43046075	-0.3131177	0.28499103	-0.3478095	-0.33450174	-0.3281319	0.44016507	-0.31491145	-0.29773054	0.31176367	-0.1228509	0.3605458
0.053679116	0.057914846	-0.007450815	0.08683832	0.09403321	0.03122107	-0.006413632	0.0061550895	0.09398909	-0.015009804	-0.07196198	0.051849164	0.10654245	-0.023887476	0.124879	-0.07787376
0.20274475	0.11325665	0.25297338	0.13768502	0.15393315	0.1300272	-0.18395326	0.18596743	0.1484162	0.18232901	-0.18352646	0.17128468	0.17167443	-0.24927153	0.17994119	-0.1525592
0.21157517	0.17866893	0.1699619	0.19694604	0.11933557	0.11059352	-0.22516471	0.19150747	0.23359524	0.16666935	-0.13603367	0.22086143	0.20308597	-0.18676685	0.16291773	-0.21636371
-0.047869705	-0.015934002	-0.05754119	-0.025568899	-0.0848735	-0.06151791	0.08439516	-0.0767962	-0.019602284	-0.053820785	0.04575775	0.0029237869	-0.072135195	-0.014448756	0.054759793	0.11313712
0.021309117	-0.014216197	0.010770854	-0.006987236	-0.02427365	-0.08460664	-0.013418563	0.041271962	0.03903391	-0.01071357	-0.017740404	-0.04918914	0.02941728	0.01066076	0.16947778	-0.014073416
0.34926155	0.3620779	0.3432109	0.30278617	0.28281656	0.25731686	-0.38442418	0.33149165	0.30343756	0.38221145	-0.40659094	0.39391574	0.351424	-0.40588427	0.31340894	-0.43985412
-0.0055009383	-0.012829783	0.018218769	-0.020042187	-0.031425413	0.04793444	-0.011056117	-0.012608513	-0.05151696	-0.029272497	0.010303507	-0.03443521	-0.0053133443	0.0030357854	0.0018914593	0.050582588
-0.3257487	-0.33818668	-0.37775013	-0.24814464	-0.24762212	-0.28011462	0.2357904	-0.29925683	-0.30696142	-0.29432043	0.34866083	-0.31669804	-0.3175012	0.28182998	-0.11550503	0.26820326
0.19044046	0.1746029	0.23465689	0.23706813	0.21591133	0.19205691	-0.2663271	0.18882027	0.21185768	0.22149636	-0.18276428	0.22369741	0.26595366	-0.23845357	0.22523722	-0.18267414
0.17118494	0.15621592	0.14063318	0.14580497	0.21075231	0.17426687	-0.1598115	0.1466855	0.14733581	0.16004565	-0.1648949	0.21036619	0.22909532	-0.11832622	0.13884307	-0.17747284
-0.6806706	-0.6181295	-0.68065006	-0.6005321	-0.649228	-0.6056622	0.6565233	-0.5932211	-0.6050194	-0.65885913	0.64145315	-0.55400234	-0.65834033	0.57904965	-0.3062522	0.58528906
0.37866423	0.31355286	0.44486457	0.36787397	0.35702503	0.2469561	-0.3780948	0.4044949	0.31677675	0.36280388	-0.4118008	0.33377984	0.37516674	-0.39141953	0.2787662	-0.4570806
0.15954837	0.13408184	0.15742758	0.14324014	0.13394333	0.11819925	-0.13347638	0.20842437	0.108177416	0.1571348	-0.23412612	0.1466705	0.16352223	-0.174673	0.074181475	-0.106056966
-0.6910346	-0.64382905	-0.78888315	-0.629296	-0.71183425	-0.67319345	0.72909284	-0.7053599	-0.6673672	-0.7402618	0.6963593	-0.7002151	-0.7860826	0.73525673	-0.5470933	0.7217727
0.208453	0.20032614	0.30617496	0.24528538	0.17643315	0.15189992	-0.21228917	0.26731107	0.2573482	0.26132804	-0.16609555	0.21236667	0.22550523	-0.2605079	0.23039824	-0.22628905
0.44638395	0.4489096	0.492403	0.43263492	0.4764266	0.45942494	-0.42084858	0.49306402	0.49702495	0.52927095	-0.43555513	0.4610611	0.5161879	-0.45445368	0.35313696	-0.47047287
-0.013493272	-0.062022377	-0.0056797867	-0.034229346	-0.052079413	-0.012993535	0.04645468	-0.053801913	-0.008312536	0.009325597	0.03251212	-0.11310522	0.0024852846	0.020523408	0.05367205	0.04679068
0.2556016	0.25495267	0.22579212	0.19762492	0.23972093	0.22947912	-0.19026028	0.256079	0.15513502	0.27413863	-0.22587423	0.19469841	0.3102652	-0.254446	0.26244527	-0.21927854
0.052712943	-0.07075851	0.0047486913	-0.01713278	-0.002962894	0.028635766	0.039777737	-0.06848175	0.026969137	-0.020928726	0.06220371	-0.029167598	0.0053734193	0.07635638	-0.002148677	0.08711973
-0.06348408	-0.018077867	0.029652221	0.025363645	-0.1111756	-0.08455834	0.12512374	-0.0631592	-0.023218067	-0.06193382	0.026973581	-0.009076483	0.0010605257	0.03956862	-0.058009457	0.030549185
0.22215037	0.1986865	0.30701655	0.26369485	0.2846958	0.26339853	-0.22500136	0.23968984	0.23744722	0.1862735	-0.23792431	0.28118733	0.29511267	-0.2504429	0.26776627	-0.18717243
-0.065723926	-0.2359608	-0.13445637	-0.112830356	-0.1016945	-0.14618726	0.13619216	-0.13705292	-0.13283841	-0.15840651	0.1708743	-0.1573441	-0.12041685	0.11270496	0.059758436	0.15901987
0.45422488	0.4558751	0.42507365	0.42059007	0.47019663	0.3755838	-0.4501923	0.4341701	0.443221	0.43227986	-0.37229267	0.41507664	0.48628134	-0.502404	0.3729017	-0.5007371
-0.034485452	0.0035899868	0.020176739	-0.026626568	0.0073177395	0.01760087	0.006277512	0.04941349	0.033118427	-0.008616869	-0.030014219	0.019616675	0.010781232	-0.056074888	0.11616149	-0.05369557
0.1080928	0.019878445	0.1427175	0.13840988	0.08864535	0.06488021	-0.15111855	0.13965641	0.12189696	0.11784668	-0.06702468	0.122074775	0.17742093	-0.0879974	0.08720927	-0.14809078
0.22966379	0.19085924	0.29894373	0.20660003	0.18211427	0.25538287	-0.17269535	0.2530103	0.23228222	0.26175392	-0.24090905	0.2061953	0.23761137	-0.28358394	0.15308177	-0.14971517
-0.2521716	-0.1908801	-0.2596803	-0.23517776	-0.15382865	-0.2629233	0.19917126	-0.2682406	-0.2283825	-0.1977229	0.21808098	-0.28587934	-0.25427994	0.2381641	-0.17710973	0.21038553
-0.1338429	-0.045698345	-0.09239533	-0.086054705	-0.059651695	-0.121453404	0.13227306	-0.07511101	-0.0382062	-0.077332474	0.067648046	-0.09656319	-0.07727516	0.08804608	-0.017581087	0.08398161
-0.060045414	0.026093714	0.058754727	-0.014560746	0.060082886	0.07579816	0.03906535	-0.054530825	-0.00080398284	-0.012958748	0.004871953	0.013265474	0.019687572	-0.008055891	-0.05538364	-0.019294363
0.037786193	0.028164197	0.06690894	-0.022960596	0.061679192	0.063745536	-0.039706867	0.14978352	0.13251409	0.09527221	-0.044453174	0.113728	0.11252769	-0.12018716	0.14657038	-0.08274028
-0.48846593	-0.44441068	-0.44012633	-0.34851363	-0.45531455	-0.47171175	0.47667167	-0.4458948	-0.37234402	-0.38722226	0.46720332	-0.45664367	-0.46506202	0.4106941	-0.23329109	0.42277986
0.50492007	0.49419254	0.43450314	0.4055699	0.5040663	0.43153223	-0.39412355	0.44917485	0.458042	0.42508605	-0.48972055	0.3749859	0.5256598	-0.52488536	0.33136338	-0.42184335
-0.011644042	-0.09745075	-0.13278556	-0.02441122	-0.09232369	-0.13454977	0.04872014	-0.06285965	-0.062322203	-0.0700806	0.057935134	-0.03835705	-0.08313039	0.037750337	-0.027267724	0.12642598
-0.25151083	-0.20993094	-0.1505214	-0.1835804	-0.1619337	-0.18610622	0.22479543	-0.21199614	-0.14923358	-0.23936751	0.23589812	-0.2397777	-0.2275875	0.24000274	0.024928201	0.15163791
-0.033088543	0.041653838	0.09050197	-0.04091389	0.009392151	0.0137915965	-0.015649896	-0.011552896	0.03803775	0.019399056	-0.0637493	0.06398197	0.01577425	0.046148796	0.021508364	-0.017604353
-0.15588185	-0.1476032	-0.13452607	-0.23136692	-0.09497042	-0.21296617	0.13487644	-0.21089438	-0.096456826	-0.1979237	0.20491342	-0.13282083	-0.16508116	0.15214224	0.0844912	0.06803401
-0.38134637	-0.36073115	-0.39950868	-0.35756516	-0.35596576	-0.39928406	0.39977112	-0.47353193	-0.30969292	-0.4329525	0.4091848	-0.4015796	-0.39706948	0.40955502	-0.1815344	0.4413164
0.020492218	0.037439123	0.056109205	0.07696048	0.08940501	0.12503868	-0.08812111	0.07202887	0.06480697	0.065822564	-0.15425304	0.018624801	0.059242234	-0.061776094	0.07736703	-0.037968114
-0.4143885	-0.38549158	-0.46471256	-0.39838856	-0.44934967	-0.3398771	0.3540396	-0.3953739	-0.33067372	-0.4264823	0.45872256	-0.40465447	-0.4428324	0.47551557	-0.22810006	0.42750317
-0.07981993	-0.10954641	-0.15693435	-0.14030145	-0.10050509	-0.13926013	0.10488917	-0.08771657	-0.07199467	-0.15538925	0.19766194	-0.13429306	-0.11554497	0.1737029	-0.010082109	0.039359257
0.024186509	0.10961275	0.039977927	0.07091715	0.13012317	0.10883392	-0.11567555	0.14185838	0.07239295	0.103275366	-0.040703017	0.12527236	0.12449342	-0.07883186	0.16333413	-0.08382877
0.06971238	0.04974021	0.1997355	0.08227503	0.13498735	0.15277644	-0.17593543	0.11313245	0.20991078	0.10138497	-0.087696604	0.16345279	0.20410644	-0.123346694	0.10920294	-0.1330128
-0.13315712	-0.17561594	-0.13994712	-0.18974519	-0.19990285	-0.1740346	0.14717785	-0.16282183	-0.09390309	-0.20222619	0.11782123	-0.14014263	-0.18722335	0.17172228	-0.07782431	0.112145245
0.14265665	0.18961577	0.21930201	0.0834724	0.22750302	0.18262507	-0.2283962	0.15029949	0.1769527	0.20173782	-0.19040628	0.20424037	0.21171494	-0.14719155	0.13837157	-0.20098954
0.14383596	0.13302779	0.17337494	0.13931777	0.17769693	0.19390453	-0.18303813	0.18349482	0.13655925	0.20109178	-0.18700951	0.09317652	0.1575398	-0.13274448	0.12594198	-0.10578902
-0.24423255	-0.16964062	-0.1597084	-0.156324	-0.18180698	-0.21366973	0.17401317	-0.15330441	-0.13966599	-0.14045353	0.21654303	-0.19043498	-0.16789049	0.10061109	-0.0459673	0.13441165
0.021744845	0.080117136	0.105327204	0.08136749	0.06971165	-0.003416112	-0.054254655	0.09950769	0.11910063	0.0549736	-0.04806156	0.07987967	0.027000098	-0.02824282	0.043394864	-0.058052793
0.07013882	0.11003353	0.10722816	0.07019139	0.028841827	0.062612474	-0.061554458	0.10137887	0.15182842	0.05393557	-0.16106036	0.07070674	0.059554297	-0.11694818	0.11899856	-0.109760605
-0.046423554	-0.14032099	-0.103067786	-0.09566953	-0.1882309	-0.13819167	0.12853771	-0.07467846	-0.15818003	-0.123461634	0.12435581	-0.10991715	-0.12837756	0.0418322	-0.015846077	0.1623682
-0.3621725	-0.29763243	-0.31761864	-0.25724816	-0.28896198	-0.3106318	0.226799	-0.33589536	-0.30195233	-0.25668767	0.21883826	-0.21900079	-0.3004839	0.2664522	-0.21684617	0.20315196
0.4103325	0.2623025	0.3557145	0.2823624	0.32512406	0.33033362	-0.2948038	0.32548442	0.2801489	0.31388512	-0.33591273	0.21020184	0.25665003	-0.2933339	0.25745472	-0.32270795
-0.71732605	-0.58598185	-0.73271513	-0.54258347	-0.66232526	-0.64308167	0.6494061	-0.6347408	-0.6752727	-0.6025575	0.61351585	-0.6448476	-0.6837816	0.70183915	-0.41450876	0.64476055
-0.12431812	-0.092866406	-0.1558663	-0.12636138	-0.08811064	-0.100472875	0.1483757	-0.094290875	-0.085219786	-0.1456212	0.16908687	-0.14658728	-0.115839474	0.17251486	0.07357562	0.17463411
-0.3124715	-0.33651978	-0.33977866	-0.25222516	-0.32347676	-0.32918003	0.28688088	-0.32310516	-0.2577246	-0.30741817	0.40226522	-0.27372274	-0.305465	0.3364235	-0.16379656	0.36793628
0.61967283	0.6140153	0.6800724	0.55555195	0.6408824	0.50236106	-0.6038578	0.57926095	0.5540436	0.54407626	-0.5584657	0.5687646	0.60497576	-0.64152455	0.35572776	-0.5824463
-0.10515953	-0.14842986	-0.06961266	-0.06270342	-0.11778146	-0.14521325	0.108594954	-0.11416997	-0.12534797	-0.13763405	0.10859711	-0.058844674	-0.16056837	0.09413754	-0.019128006	0.13607858
-0.120287634	-0.15080445	-0.20112619	-0.20707211	-0.14425707	-0.117425136	0.17381766	-0.14966708	-0.25058416	-0.2161022	0.08170975	-0.17514496	-0.19408193	0.13648082	-0.15797569	0.17458324
-0.41805708	-0.37681583	-0.44587576	-0.33599293	-0.44261158	-0.4010954	0.35483915	-0.3685704	-0.37521654	-0.37409016	0.45370126	-0.41071773	-0.38643244	0.3950508	-0.14457074	0.3734937
0.12017161	0.1969864	0.17391159	0.15517007	0.18397777	0.1942052	-0.24744347	0.15488967	0.13223045	0.17055939	-0.15207204	0.13596772	0.18935145	-0.21234225	0.23432021	-0.18827909
0.056212503	0.07072046	0.022250522	0.011067077	0.028579867	0.007906959	-0.0075654658	0.058113176	0.040063463	0.010997275	0.028511139	0.017984876	-0.00018878077	-0.003077808	0.1436741	-0.038957313
-0.29410186	-0.30880153	-0.27382016	-0.3284429	-0.2693031	-0.2680954	0.27220768	-0.26720062	-0.257119	-0.3490716	0.33836678	-0.3225906	-0.2641941	0.2941266	-0.1346223	0.3391181
0.23954247	0.20919663	0.20102951	0.20782524	0.18999748	0.1133595	-0.18660893	0.22974314	0.2293896	0.10018982	-0.2196187	0.14050065	0.25616518	-0.18520766	0.11023839	-0.15256584
0.023923783	0.02721856	0.06277954	0.04704154	0.16133548	0.017578634	-0.11362969	0.02094857	-0.019063197	-0.037473496	-0.017274905	-0.010144696	-0.050066233	-0.09202297	0.058721673	0.014038482
-0.21371955	-0.31841123	-0.2730747	-0.27993298	-0.3907328	-0.2983307	0.35322928	-0.30096856	-0.3419712	-0.36101305	0.3056922	-0.32325742	-0.32067293	0.297485	-0.20330912	0.3289911
-0.24509564	-0.178491	-0.2795186	-0.17827997	-0.26629043	-0.18256995	0.19979891	-0.2568556	-0.19112305	-0.22012207	0.14042549	-0.22252089	-0.25218472	0.24266973	-0.09949894	0.13774776
0.110048875	0.17201519	0.14955518	0.17267072	0.18988077	0.16407694	-0.14943114	0.11938526	0.16029617	0.18624765	-0.10627425	0.18450803	0.11938979	-0.12394466	0.113428704	-0.21264412
0.105604544	0.22875123	0.1526176	0.21437094	0.13185604	0.15997913	-0.15703791	0.12369984	0.17504331	0.19010931	-0.16308387	0.2327417	0.18160374	-0.15470217	0.12526509	-0.19767846
-0.06827497	-0.033436675	-0.03320129	-0.0065784925	-0.010936584	-0.049628783	-0.025571495	0.0072449734	0.06786055	-0.038007308	0.031397793	-0.007612426	-0.03286851	0.04756153	0.06847637	-0.07982547
-0.31670657	-0.25904572	-0.26904616	-0.1925184	-0.29728097	-0.27851844	0.3232714	-0.2763633	-0.26220122	-0.20397636	0.2264537	-0.3015476	-0.26563105	0.2533878	-0.13103063	0.21897928
-0.097958945	-0.11535269	-0.1399377	-0.14421877	-0.20403059	-0.20340556	0.14120722	-0.14188297	-0.11407754	-0.16789469	0.12951656	-0.16581804	-0.18513484	0.122435026	-0.04564294	0.10520391
-0.32219824	-0.31739953	-0.3723107	-0.29667702	-0.32710344	-0.30145568	0.33200204	-0.34007627	-0.35178602	-0.28523254	0.30152574	-0.34136102	-0.31732467	0.33303767	-0.17614068	0.29715088
-0.32353845	-0.3087232	-0.33012268	-0.27484807	-0.38413283	-0.255916	0.31580868	-0.26383469	-0.23672086	-0.35002434	0.2755013	-0.32881305	-0.32369623	0.30567002	-0.15752792	0.28855008
0.2298254	0.2263381	0.30870363	0.21176322	0.295139	0.27796572	-0.21373186	0.257763	0.3086836	0.22451422	-0.2819942	0.24977072	0.3291192	-0.30499214	0.24180597	-0.2938527
0.13285764	0.1516595	0.13780622	0.07673688	0.1456924	0.082603075	-0.124492794	0.11173339	0.092560984	0.09246705	-0.12696135	0.123259924	0.12309208	-0.2320987	0.14041361	-0.15768479
0.31338087	0.19656509	0.30809727	0.23634367	0.21611565	0.1412263	-0.22558388	0.2517873	0.21663018	0.19720547	-0.20050919	0.18450883	0.25464872	-0.17140077	0.28317872	-0.29593527
0.2684374	0.2208265	0.29883853	0.19195586	0.24239022	0.24910863	-0.29929957	0.2689655	0.2969403	0.18352468	-0.2512905	0.18471096	0.2990936	-0.23273534	0.22753586	-0.27466515
-0.0042093825	0.031929817	-0.037352182	-0.01327022	0.05428877	-0.022142928	0.056271434	0.037514392	0.0073054372	-0.03297423	0.06588611	-0.001801356	0.051607642	-0.045143414	0.12235976	-0.0008199109
0.06246063	0.08949341	0.10025416	0.12639095	0.04196738	0.074453145	-0.08615437	0.114683576	0.02117964	0.14172524	-0.11954089	0.042604327	0.061429694	-0.05651616	0.07806946	-0.01643585
-0.00232038	-0.10320178	0.027104663	-0.06714339	-0.067276016	-0.10186838	0.042777173	-0.07149791	-0.022802697	-0.11525218	0.027370187	-0.07124891	0.0030213736	0.09664942	-0.008758683	-0.026311714
0.009212942	0.080504395	0.067911655	0.05318924	0.04884621	0.03390161	-0.015660837	0.026018104	0.029779552	0.06409445	-0.07078572	0.046773586	-0.009055415	-0.083144836	0.031762432	-0.008681491
0.65624845	0.59313667	0.6465565	0.51163113	0.6617373	0.61296123	-0.57190853	0.59574324	0.56682163	0.5764286	-0.5828167	0.61340845	0.65495956	-0.56529844	0.44896907	-0.6586111
0.19675623	0.20409358	0.2224531	0.16977026	0.22626936	0.14861245	-0.1200311	0.11066027	0.14080009	0.21009183	-0.22113776	0.1508708	0.2579138	-0.24245638	0.12383593	-0.17453295
-0.03894402	-0.055935122	-0.08235707	-0.10765152	-0.017517176	-0.12638764	-0.010427112	-0.10059114	0.0067753377	-0.10627357	0.17161968	-0.03565845	-0.08299779	0.043555263	0.20030722	0.04633445
-0.5692619	-0.47043878	-0.501439	-0.5237956	-0.5129472	-0.5412085	0.4567458	-0.45172587	-0.5234481	-0.46013308	0.5006984	-0.47970626	-0.49274793	0.5238578	-0.24301344	0.51712817
0.025396964	0.043066286	0.13141961	0.06281378	0.071510896	0.08758814	-0.0134775685	0.07521136	0.04087202	0.076241605	-0.09600788	0.10398326	0.12518533	-0.16232331	0.107097715	-0.049169235
-0.13673206	-0.15451446	-0.12907135	-0.2101496	-0.112264425	-0.13465363	0.1331816	-0.09844546	-0.14461257	-0.10029863	0.15953472	-0.13684793	-0.08772304	0.14526863	-0.015709529	0.20612697
0.101706915	0.17820878	0.14926544	0.108437836	0.10334357	0.1296033	-0.16580576	0.108620785	0.15174496	0.17837666	-0.11682922	0.15778057	0.14608893	-0.10811072	0.08701065	-0.053751126
-0.34948954	-0.31329972	-0.3521814	-0.30528402	-0.3494649	-0.3422319	0.28633296	-0.3692058	-0.3373283	-0.39697096	0.35879532	-0.32699767	-0.31315023	0.32354257	-0.22798236	0.31663167
-0.025559245	-0.008252839	-0.056197766	0.003302545	-0.021624787	-0.09973097	0.017121265	-0.042120926	-0.007794511	-0.01716102	0.02792305	-0.046733223	-0.009806427	0.03202828	0.028869782	0.06521376
-0.28735116	-0.2750723	-0.25919658	-0.263511	-0.27519703	-0.22785737	0.3157636	-0.2917379	-0.26754037	-0.29907098	0.29207775	-0.30923355	-0.2693854	0.30585212	-0.13643521	0.2669434
0.31593728	0.3302326	0.45858774	0.26188672	0.3493581	0.33758163	-0.3179915	0.38962126	0.4078215	0.35739756	-0.33547464	0.30649823	0.40618867	-0.3408899	0.27350157	-0.3706421
-0.067443885	0.027870156	-0.017075824	0.0058731074	0.049476206	-0.07437623	-0.02436946	0.0020926257	-0.060788237	-0.019215068	0.06206438	-0.0722868	-0.025291948	0.059504382	0.006306139	0.024871474
0.4004409	0.27570483	0.33878595	0.26468754	0.28708005	0.2904208	-0.3601388	0.35602432	0.2975733	0.33584777	-0.32715833	0.2935942	0.4403208	-0.2865612	0.23524827	-0.40265417
0.102717996	0.10651655	0.12238596	0.13454251	0.10450465	0.09169673	-0.10841625	0.039522514	0.05201971	0.08020175	-0.06949784	0.08171961	0.05096757	-0.10176465	0.121584035	0.0011721918
0.32833478	0.34503892	0.3329189	0.30262336	0.34254524	0.31750906	-0.3390993	0.3308508	0.3266999	0.337616	-0.35148716	0.3438648	0.34709415	-0.35823005	0.28107172	-0.3024257
0.27656925	0.30167493	0.30034378	0.28146318	0.31796563	0.33129492	-0.2904768	0.2712208	0.31019723	0.2552721	-0.27399263	0.32684362	0.33787608	-0.30402103	0.27012765	-0.33985835
0.0800904	0.07860533	0.10662045	0.09349054	0.07464287	0.030244285	-0.04775473	0.106994696	0.037280355	0.051077884	-0.03120459	0.018955033	0.12956741	-0.051990233	0.010551437	-0.044517495
0.42730466	0.34865674	0.4614459	0.3146353	0.42656913	0.34413782	-0.34505624	0.3355311	0.37194657	0.375648	-0.4025228	0.35388175	0.41271275	-0.4286517	0.3316874	-0.4299173
-0.2930983	-0.21281403	-0.29859698	-0.27277622	-0.25245294	-0.26179102	0.21383376	-0.22117725	-0.29454333	-0.22982925	0.30596423	-0.25757805	-0.21384846	0.22960123	-0.20028947	0.2333065
-0.23204431	-0.28668115	-0.31491622	-0.20633166	-0.3488351	-0.25097153	0.2862446	-0.22188948	-0.22264044	-0.2284915	0.3481735	-0.24176681	-0.28248924	0.25131762	-0.1760658	0.30798158
-0.21701388	-0.19126089	-0.22358553	-0.18477826	-0.1424363	-0.22221905	0.19243442	-0.15853076	-0.18091941	-0.21306238	0.19000617	-0.12679131	-0.16308728	0.20699851	-0.054786045	0.16751674
-0.31901753	-0.26383793	-0.3172348	-0.2455936	-0.23004341	-0.22181441	0.33705735	-0.28749818	-0.26491442	-0.30217177	0.29136613	-0.27567855	-0.24712306	0.33590153	-0.09208135	0.26800412
0.11820216	0.096724726	0.045075063	0.12446753	0.1022703	0.052229483	-0.112837456	0.06272812	0.025794711	0.0513597	-0.10423721	0.061793026	0.1099807	-0.092589766	0.073199004	-0.12514526
-0.29533744	-0.27784315	-0.33454114	-0.2594186	-0.32534862	-0.23309341	0.33803985	-0.33825916	-0.3331354	-0.26502183	0.2491689	-0.32323954	-0.33069503	0.33652037	-0.3420757	0.3200074
-0.10794626	-0.09669619	-0.14435984	-0.06511975	-0.080949865	-0.08057171	0.05497787	-0.156011	-0.06981165	-0.11081037	0.086324364	-0.15519518	-0.08259244	0.12860365	-0.08079939	0.14904918
0.06096785	0.12611298	0.10439882	0.06822967	0.10561337	0.13777025	-0.10462987	0.11902178	0.12225643	0.06514469	-0.072873935	0.10595774	0.18275517	-0.09151381	0.05089545	-0.15211616
0.27496526	0.23830588	0.22858702	0.22490454	0.18992262	0.20576063	-0.26008853	0.24075373	0.19197118	0.25016907	-0.2550391	0.2073331	0.27764925	-0.24207334	0.2671178	-0.24612519
0.04543179	0.03278813	0.071460485	-0.006902017	0.0020295877	0.0016369349	-0.071378216	0.03603855	0.041987095	0.059102215	-0.038919155	-0.00019019397	0.031240761	-0.050827608	0.10734648	-0.11934791
0.55386096	0.6048081	0.6408738	0.49786744	0.56544274	0.50612277	-0.59620184	0.5349731	0.5359595	0.53227806	-0.57831734	0.5934322	0.59255165	-0.5539211	0.43118522	-0.61947286
0.35628596	0.3236043	0.25725853	0.25194854	0.25542393	0.29808125	-0.24650146	0.2583637	0.30675486	0.24661186	-0.3547644	0.24963544	0.3350204	-0.29869083	0.2695145	-0.28289503
-0.14658685	-0.100294225	-0.1529842	-0.04451485	-0.08262315	-0.09873912	0.11195729	-0.12780942	-0.0548475	-0.048795875	0.017785914	-0.13696335	-0.15007252	0.112360895	-0.07007143	0.13349673
-0.22812037	-0.16282192	-0.19672838	-0.1555607	-0.18506823	-0.13797855	0.23157388	-0.23550287	-0.20392635	-0.16467327	0.23232546	-0.15582368	-0.15174472	0.2482255	-0.046259966	0.16529916
0.08847022	-0.054853506	0.07618113	-0.0066189985	-0.002534263	0.016459377	-0.043534726	0.1100245	-0.013870729	0.082233995	-0.0145173995	0.065701716	0.043576363	-0.0406482	0.08762696	-0.10310181
-0.07716121	-0.04853348	-0.027157556	-0.047312647	-0.064904615	-0.054966062	0.010039337	0.03622421	-0.06949248	0.059254546	-0.010704072	-0.08683736	-0.0073472047	0.033741336	0.02535401	0.055008877
-0.20319085	-0.15872902	-0.23907337	-0.20095807	-0.18965074	-0.20437795	0.18141346	-0.18925901	-0.1412448	-0.25364465	0.28536335	-0.2234225	-0.2319894	0.20785059	-0.04408952	0.1291936
-0.15819153	-0.21562935	-0.19193195	-0.19425097	-0.20214646	-0.20364161	0.16031618	-0.24370304	-0.21292052	-0.31521913	0.17935593	-0.23716849	-0.22718492	0.23352243	-0.11743971	0.23478314
0.34607056	0.3040819	0.34024626	0.33788195	0.29924664	0.2637363	-0.34747288	0.29991925	0.3121485	0.3306496	-0.33326468	0.37085593	0.38375148	-0.4086289	0.22212838	-0.33305135
0.06469392	0.103029825	0.11766372	0.04688855	0.10454635	0.052821442	-0.1152749	0.10748962	0.13069713	0.07020817	-0.12298901	0.09314568	0.13256298	-0.05661623	0.10290543	-0.09911221
-0.15620959	-0.1318466	-0.14314295	-0.14735803	-0.19504498	-0.11353412	0.23444203	-0.23684986	-0.2613716	-0.21300259	0.18508574	-0.21549949	-0.16365214	0.2063176	-0.18840155	0.18381993
-0.075161904	-0.09022179	-0.05149831	-0.05350648	-0.10030907	0.016820965	0.10051318	-0.06560908	0.008591846	-0.060254846	-0.006163551	0.037587956	-0.050151214	0.0893772	-0.021353684	0.041141994
-0.14701577	-0.048556164	-0.07092607	-0.06548285	-0.12663493	-0.089963146	0.17443024	-0.0959708	-0.12401326	-0.10823236	0.09280202	-0.09511079	-0.0751019	0.14619172	0.0046395757	0.12298755
-0.16185446	-0.17344946	-0.13943788	-0.19764972	-0.16126288	-0.14727493	0.23520868	-0.16944592	-0.16389999	-0.15240888	0.23185603	-0.24133725	-0.16205782	0.14027905	-0.19534107	0.23003949
-0.11309572	-0.03697899	-0.05348884	-0.070446834	-0.089006245	-0.13802117	0.07841982	-0.06267456	-0.137899	-0.039642356	0.11355342	-0.0984962	-0.042024173	0.06301551	-0.03447806	0.08525028
-0.21886644	-0.15835632	-0.27375802	-0.25965592	-0.12752785	-0.30286777	0.18989652	-0.20098747	-0.23462647	-0.1793969	0.23637216	-0.15181239	-0.26005012	0.21195345	-0.015143803	0.149624
0.06743691	0.14829288	0.07618341	0.11806893	0.062325463	0.06403497	-0.11504068	0.14484248	0.061314058	0.0678632	-0.095174365	0.17945999	0.13029806	-0.19606094	0.21878947	-0.14644888
-0.10642735	-0.15354785	-0.12911032	-0.10153004	-0.10883659	-0.086119555	0.09822702	-0.10030459	-0.08572567	-0.1160721	0.11344838	-0.15333994	-0.14583182	0.15117481	-0.09874842	0.10751478
-0.15977806	-0.15537694	-0.12754905	-0.15347186	-0.12505439	-0.12655722	0.19419403	-0.13131706	-0.19623464	-0.19908738	0.123452105	-0.14036392	-0.19214782	0.14740625	-0.09461174	0.17547426
0.1086628	0.03134099	0.11512004	0.15422553	0.13067539	0.1058873	-0.15994865	0.09399563	0.10833003	0.08569715	-0.098632194	0.17795768	0.09224208	-0.08546589	0.14297517	-0.10189207
-0.41391912	-0.3604437	-0.43168655	-0.38188985	-0.40709767	-0.3462724	0.3400972	-0.41067848	-0.40588284	-0.37761807	0.41740766	-0.439623	-0.39136147	0.41718584	-0.28381774	0.38089794
0.12639134	0.089604266	0.09875663	0.12719299	0.18085724	0.051675107	-0.12599051	0.14183073	0.1024883	0.13149606	-0.10587994	0.06385019	0.21108948	-0.16268902	0.16925615	-0.17814024
-0.15104315	-0.11752051	-0.14425486	-0.19481203	-0.083424546	-0.1485579	0.10290317	-0.1036337	-0.120587304	-0.19313525	0.12580588	-0.16490468	-0.16317792	0.106736735	-0.06343591	0.12157467
-0.5101821	-0.49384847	-0.5457439	-0.471808	-0.48457995	-0.45758826	0.505769	-0.4605598	-0.49744812	-0.44859675	0.48761696	-0.46878543	-0.47550043	0.47420412	-0.33041236	0.50420594
0.107571185	0.13547444	0.10741503	0.07075812	0.17084666	0.10592035	-0.096816674	0.08532778	0.06289069	0.08246868	-0.05777251	0.03829345	0.091693625	-0.022875272	0.036066514	-0.14382568
0.38332775	0.27369893	0.3043463	0.2843528	0.3481665	0.31088522	-0.31030092	0.31631413	0.29392448	0.28166342	-0.32290947	0.32042113	0.35350436	-0.34323856	0.21004054	-0.35917243
-0.22359444	-0.1647556	-0.17663212	-0.17376706	-0.15478092	-0.1489751	0.20013694	-0.124661274	-0.23553053	-0.19256134	0.18462089	-0.18191361	-0.20851998	0.20136656	-0.14756395	0.15108258
0.06508963	0.14661886	0.15040089	0.13893318	0.14786062	0.11038149	-0.17973632	0.11500968	0.18640174	0.092828326	-0.13987826	0.16774175	0.10251897	-0.16754895	0.13987218	-0.15894428
-0.3841927	-0.36196426	-0.43576673	-0.39336652	-0.4473056	-0.40495786	0.37234318	-0.35604256	-0.33045015	-0.32158867	0.42504752	-0.32177454	-0.34476867	0.41584468	-0.23422042	0.34277782
-0.096009985	-0.13776442	-0.11713844	-0.18336187	-0.09310894	-0.16752388	0.22485515	-0.14336148	-0.17747414	-0.2199948	0.13301805	-0.20076363	-0.15319526	0.14507386	-0.0657261	0.15402704
-0.21339849	-0.18948637	-0.20085855	-0.12912236	-0.16554187	-0.23028365	0.18656674	-0.23133451	-0.22516051	-0.1353134	0.25684863	-0.1769218	-0.20364647	0.17256168	-0.06426253	0.18618907
-0.36748794	-0.3001705	-0.3061195	-0.35353228	-0.30284095	-0.27422515	0.3059093	-0.32752916	-0.31339782	-0.36207414	0.2747218	-0.2943079	-0.28689516	0.2993357	-0.15522218	0.33856162
-0.10722294	-0.1619853	-0.0755833	-0.09009252	-0.14288078	-0.11428561	0.06064467	-0.04705282	-0.08106228	-0.12976716	0.126773	-0.11103973	0.013059083	0.062268544	0.042440135	0.024813183
0.20520645	0.19463651	0.18227431	0.2007902	0.20946062	0.19588107	-0.15405987	0.18833105	0.13159171	0.14303547	-0.18509135	0.17155014	0.22117841	-0.17726609	0.14412309	-0.19754799
-0.2030694	-0.22373633	-0.2728462	-0.17222627	-0.193716	-0.22478516	0.18416019	-0.27683204	-0.1648506	-0.1994557	0.18566653	-0.19572733	-0.18592152	0.22359362	-0.104379214	0.23860751
0.49366054	0.5087886	0.5069567	0.40794742	0.48625794	0.45061782	-0.4887977	0.5190651	0.506775	0.46953177	-0.47493595	0.43645743	0.5326738	-0.5739499	0.3315625	-0.4446483
0.049179066	-0.0623028	0.017937154	-0.08479624	0.005259781	-0.03686541	0.0615246	-0.11166459	0.025932202	0.0031334145	-0.0053085354	0.0274343	0.026406022	-0.044965826	0.18506403	-0.00090950425
0.10514493	0.08388209	0.13177866	0.12563805	0.17425016	0.029482497	-0.05272907	0.16503318	0.089898825	0.13860089	-0.13552658	0.12837881	0.062208936	-0.105285704	0.14908198	-0.12446893
-0.3501407	-0.29808447	-0.30604702	-0.3667386	-0.28855225	-0.33411807	0.3661621	-0.26278177	-0.34774488	-0.35711694	0.3704485	-0.27348337	-0.34384233	0.26885495	-0.13093093	0.3442664
-0.34404802	-0.32385978	-0.31821576	-0.35232684	-0.31038648	-0.29999217	0.32718056	-0.29258925	-0.28607255	-0.27616364	0.3782534	-0.2547226	-0.36390737	0.30587402	-0.12180332	0.24926408
-0.5020407	-0.4648008	-0.41985497	-0.3505668	-0.4247863	-0.44166222	0.42601645	-0.44972795	-0.436638	-0.4619774	0.39815938	-0.4631802	-0.42771825	0.4786598	-0.30209517	0.4612797
-0.16109495	-0.16589884	-0.11572328	-0.050895903	-0.1483004	-0.10873357	0.17150928	-0.14595196	-0.12791842	-0.116364606	0.13280213	-0.14884342	-0.13218309	0.12861021	-0.047749404	0.1140035
-0.016435364	0.028592529	0.06883483	0.0011313398	0.056916356	0.03442473	-0.050767314	0.05274932	0.068615474	0.0633571	-0.015721673	0.018559672	0.07081581	-0.066139795	0.03092083	0.0059152883
-0.15704432	-0.17862867	-0.2558645	-0.1613821	-0.1804323	-0.2268274	0.16322027	-0.21312256	-0.15895244	-0.22614488	0.2390938	-0.2204706	-0.16511443	0.1756373	-0.023155458	0.12723857
-0.018950135	0.020357022	-0.045196455	-0.00898321	-0.050060414	0.006350011	-0.00807769	-0.022192722	0.043376993	-0.05513638	0.12709081	-0.00919191	0.02616949	-0.015066178	0.014176963	-0.022220137
0.16722493	0.09013206	0.059512988	0.11866772	0.060528867	0.015077351	-0.0841662	0.047626797	0.08104602	0.115043566	-0.03566864	0.13260376	0.15559152	-0.056454126	0.12650666	-0.011178425
0.22757679	0.18150812	0.19405645	0.14102963	0.13555034	0.16693574	-0.118710354	0.16269785	0.22455963	0.17259574	-0.21130186	0.17653063	0.13631693	-0.23917644	0.10879312	-0.15241544
0.30949798	0.25651482	0.37526527	0.24703652	0.28291708	0.26695734	-0.31192726	0.3356222	0.27554324	0.27910483	-0.29455674	0.28200373	0.33444014	-0.3877383	0.2787533	-0.30793825
-0.08028928	-0.08699149	-0.092169166	-0.015869327	-0.14118242	-0.046111763	0.042486247	-0.09505037	-0.09899864	-0.103554726	0.08808098	-0.004380702	-0.012523135	0.088392355	-0.05250396	0.13768175
0.1214354	0.14645575	0.058837254	0.11162481	0.063132435	0.048935782	-0.16737536	0.11473774	0.07668825	0.072149366	-0.045864437	0.040004633	0.07145531	-0.16586784	0.09247967	-0.13502999
-0.21893348	-0.14684264	-0.106579185	-0.12618476	-0.14973675	-0.12719755	0.17423205	-0.10659259	-0.06121606	-0.10758143	0.18015313	-0.04157339	-0.1309685	0.16865028	-0.038433798	0.036488745
0.11788713	0.093418956	0.1555692	0.10817128	0.10068645	0.1931116	-0.18959658	0.11692225	0.07810755	0.099285536	-0.1417379	0.12165776	0.100439295	-0.12723634	0.14442098	-0.1748666
0.1180901	0.035252687	0.09578869	0.04506156	0.038945563	0.0684842	-0.08108806	0.1251102	0.07204882	0.068395495	-0.105841085	0.09876846	0.10119085	-0.09419108	0.09812208	-0.06553732
0.23690288	0.26714218	0.301479	0.20988058	0.23563741	0.2583946	-0.30960742	0.20862396	0.3268551	0.23617347	-0.31353045	0.24978249	0.3201663	-0.24447829	0.16935019	-0.24836248
0.30090907	0.2249846	0.30451915	0.27672884	0.26587135	0.25188047	-0.3176583	0.21050943	0.19031928	0.2697366	-0.30052593	0.20372275	0.3181965	-0.24398996	0.18226649	-0.269011
0.07951684	0.07767225	0.04021781	0.050125405	0.06880719	0.07124236	-0.09083125	0.12838057	0.03143139	0.021115689	-0.04042461	0.101081096	0.09537946	-0.08927678	0.23736855	-0.10770869
-0.264442	-0.2564249	-0.3302314	-0.28623992	-0.2732516	-0.3233022	0.3201704	-0.29433092	-0.30661917	-0.2658029	0.32049677	-0.26181245	-0.32509542	0.23502493	-0.09871842	0.3271149
-0.2633862	-0.22751988	-0.30252406	-0.30017784	-0.29352987	-0.23111077	0.3413003	-0.33403924	-0.2895059	-0.2739329	0.26183513	-0.24382333	-0.28099018	0.24371213	-0.22253165	0.24702871
0.022273805	0.121855035	0.07832746	0.061470192	0.011986365	0.051453307	-0.07401779	-0.019060947	0.00968979	0.08929921	-0.09005145	0.07807807	0.050075326	-0.0009902405	0.053060178	-0.10506257
-0.041195102	-0.1284124	-0.09961625	0.015859196	-0.05472918	-0.047101047	0.16292971	0.02270855	-0.0023190253	-0.06407637	0.07951191	0.00086845434	0.00090375054	0.063861	0.03893485	0.064752094
-0.484694	-0.45428202	-0.48426598	-0.45765343	-0.4509701	-0.4177315	0.3857294	-0.43033597	-0.38688937	-0.47996178	0.50833935	-0.47421512	-0.46948904	0.48639727	-0.2641897	0.4253578
-0.09275963	-0.12700884	-0.12583695	-0.08561	-0.1344833	-0.1713272	0.092445135	-0.05770728	-0.10757448	-0.15205376	0.16302608	-0.06412155	-0.10004578	0.13925584	-0.044221096	0.081316896
0.2215092	0.11410696	0.22827157	0.16446057	0.17694038	0.13642928	-0.15425374	0.15261908	0.17856191	0.20562913	-0.17776112	0.09202732	0.11492323	-0.15375932	0.11502002	-0.1384425
-0.47613263	-0.3737803	-0.45729804	-0.31958038	-0.36701894	-0.35281232	0.35448748	-0.39450663	-0.37918046	-0.35758418	0.4277071	-0.38745928	-0.37528667	0.3823061	-0.30231678	0.35895672
0.2305634	0.24135646	0.3322442	0.23095694	0.24510562	0.25435188	-0.23742935	0.18601513	0.27280122	0.26771024	-0.2456162	0.20315273	0.21634763	-0.26172277	0.27221408	-0.3095252
0.3281113	0.19142678	0.17386058	0.17132992	0.16071397	0.21393691	-0.28090417	0.26617685	0.20817722	0.2081119	-0.22984698	0.21578148	0.2758174	-0.200883	0.15632868	-0.19561286
-0.045676056	-0.03192696	-0.15402745	-0.11477106	-0.114279576	-0.12089546	0.020834127	-0.11149212	-0.110345006	-0.08879654	0.11266928	-0.104778424	-0.09456737	0.12859304	-0.07171193	0.059660695
-0.48000538	-0.47766083	-0.508054	-0.4348992	-0.48135787	-0.46459335	0.45347068	-0.4901818	-0.51232123	-0.47882107	0.43782392	-0.51007783	-0.5512565	0.46152753	-0.27581623	0.5066059
-0.2753972	-0.30909804	-0.25687444	-0.2590237	-0.3256331	-0.27542058	0.25307742	-0.25870973	-0.33828002	-0.34241697	0.29603612	-0.24913514	-0.24966255	0.25976023	-0.17942336	0.22807837
-0.33072323	-0.33984438	-0.37187818	-0.26125398	-0.32109672	-0.20126686	0.31692708	-0.3224969	-0.3139551	-0.3432842	0.28048843	-0.23535798	-0.33668062	0.30906376	-0.20618074	0.32472444
-0.49434394	-0.47370398	-0.471052	-0.43935335	-0.53015107	-0.45652482	0.50667375	-0.4827471	-0.44252005	-0.4745817	0.51765835	-0.41852152	-0.5365845	0.42577204	-0.30276707	0.47802755
-0.19744009	-0.091969535	-0.17429493	-0.15670247	-0.24040405	-0.12963216	0.0825627	-0.15142687	-0.20519547	-0.13502614	0.21320136	-0.14561106	-0.19451892	0.1282845	-0.068947166	0.22193004
-0.18642707	-0.13903987	-0.14178027	-0.16737545	-0.18529868	-0.17357212	0.15689583	-0.24599104	-0.09912292	-0.18513379	0.19156474	-0.16285703	-0.13273785	0.21720716	-0.08308337	0.14029141
-0.4024309	-0.4625763	-0.42735335	-0.3572189	-0.48296547	-0.37014598	0.37929305	-0.40764096	-0.377146	-0.37468672	0.4129564	-0.39338034	-0.40333763	0.3946003	-0.16206373	0.3668111
-0.00092954875	-0.016041884	-0.017329132	-0.027264997	0.007854313	-0.024705714	0.05302836	0.066761434	0.047107402	0.058902055	-0.04061366	-0.036292534	0.004750452	0.002644436	0.046742745	-0.022507032
-0.22024481	-0.18472089	-0.24167974	-0.18719372	-0.24492276	-0.2374632	0.22293513	-0.19013388	-0.16896704	-0.18368942	0.195072	-0.17177154	-0.28052673	0.24523675	-0.09072051	0.19758719
-0.22757567	-0.25218633	-0.19858484	-0.17875339	-0.23146902	-0.18528166	0.17323923	-0.2173989	-0.1772782	-0.18973322	0.18241677	-0.10729889	-0.16938636	0.10242739	-0.0013421221	0.20217304
-0.49345058	-0.504887	-0.5185853	-0.4783023	-0.4695885	-0.46798417	0.5020556	-0.47380805	-0.5155212	-0.4363073	0.48078936	-0.5009156	-0.4984627	0.4555525	-0.31997108	0.45322892
0.19384004	0.20391843	0.20288509	0.12710609	0.1468976	0.1427963	-0.15757167	0.2016424	0.18977123	0.17667702	-0.114764124	0.113248505	0.18080543	-0.16031232	0.13941747	-0.10043248
0.12912765	0.05401368	0.13688938	0.041401844	0.05188217	0.02527658	-0.104043305	0.10736877	0.031736583	0.10371939	-0.095583856	0.0860476	0.06232127	-0.11969452	0.09958255	-0.0871588
-0.0990193	-0.04741262	-0.14251548	-0.11531722	-0.16563573	-0.124443725	0.060448825	-0.10994977	-0.10409044	-0.07595024	0.06898034	-0.15144062	-0.09076815	0.12056224	-0.095365696	0.05264656
0.23436996	0.17295627	0.21349743	0.14995255	0.26063657	0.19699156	-0.14676213	0.23251282	0.17598847	0.20489284	-0.19246389	0.22202842	0.30015498	-0.22899172	0.15580617	-0.17819434
-0.08448473	-0.048731618	-0.12626633	-0.12133903	-0.062148288	-0.038468856	0.13665342	-0.084473	-0.147867	-0.0810296	0.09239393	-0.09521461	-0.106604256	0.057580795	-0.0034187923	0.10907629
0.029651698	0.096879676	0.04699323	-0.038374163	0.081743896	0.028733002	-0.0025384626	0.07577016	0.07659677	0.027543528	0.003768181	0.05296015	0.019443402	-0.07549197	0.01999039	-0.023927107
0.13810177	0.1694737	0.23504391	0.16705203	0.14980474	0.12486546	-0.121758066	0.1888252	0.122860245	0.10406917	-0.13664755	0.090136744	0.20903635	-0.14754012	0.107330315	-0.1451402
-0.042774152	-0.07072148	-0.039643265	0.037859794	-0.041872792	-0.010664042	0.049635567	-0.02053688	-0.007832591	-0.04532108	-0.022541052	0.044385757	-0.061572094	-0.013512048	0.023213586	0.0414247
-0.13002782	-0.13914819	-0.1862931	-0.12195389	-0.07344929	-0.1357846	0.18844996	-0.15296412	-0.076724805	-0.17144199	0.07689632	-0.17172772	-0.18060105	0.16526793	0.052401077	0.16112511
-0.30866066	-0.39380538	-0.38804832	-0.37393585	-0.38116077	-0.39078996	0.41135296	-0.38741243	-0.4035664	-0.36386943	0.33896777	-0.3913807	-0.41500056	0.3339049	-0.1431023	0.35039428
-0.12219646	-0.029199878	-0.03439678	0.017930029	-0.07049797	-0.00999971	0.045078546	-0.05521106	-0.10387052	-0.057314336	0.019232675	-0.09701099	-0.09162186	0.10781424	-0.051660854	0.104670726
-0.10601443	-0.07702527	-0.053311463	-0.062748596	0.03448831	-0.00671119	0.0051362254	-0.003800365	-0.013759742	-0.05338056	0.06671416	-0.040889714	-0.08807499	0.08560755	0.019125167	0.062224947
0.02884725	-0.0063456027	0.009966022	0.031811826	-0.011951952	-0.051302955	0.071910724	0.023561375	-0.0016204751	-0.023796126	-0.008070202	0.02131295	-0.0316057	-0.0015752675	0.0070346976	-0.02592648
-0.008212926	-0.054081082	-0.021531885	-0.09070567	-0.02132839	-0.08417625	0.031193335	-0.04466081	0.0004187315	-0.07762206	0.004032962	-0.020552233	-0.1338292	0.0017350104	0.0394702	0.049115475
0.22811979	0.20255482	0.20158923	0.107752495	0.2415645	0.10377844	-0.17248048	0.12836707	0.2013354	0.14712663	-0.1558105	0.13593236	0.2302132	-0.19304228	0.13341369	-0.21412261
0.09939938	0.05711045	0.022222377	0.0047813696	0.06091363	0.046729572	-0.03908308	0.08678957	0.0379205	0.027876943	-0.02972613	0.057992227	0.09391047	-0.010062362	0.03164405	-0.038716197
0.15229332	0.100474454	0.16624269	0.09236575	0.11688167	0.08439094	-0.12917267	0.13605125	0.09982832	0.13176982	-0.18014656	0.0904415	0.106298424	-0.10062578	0.06732455	-0.17611167
-0.10534739	-0.08191378	-0.096086234	-0.009778335	-0.10489267	-0.10200168	0.02103363	-0.039251205	-0.021659529	-0.019151287	0.14123946	-0.05038939	-0.0850371	0.08408026	0.0075984774	0.11692256
-0.005973459	0.031374194	0.05270805	0.0034828987	-0.038677067	-0.031320993	-0.01927938	0.020537354	0.0514666	0.031461217	-0.054078408	0.020957112	0.027610427	-0.02343423	0.111530155	-0.016222056
0.24379134	0.32000592	0.24527255	0.22279212	0.24482326	0.29031917	-0.2717749	0.31263062	0.2946312	0.25888333	-0.31394693	0.30468318	0.34940934	-0.3743923	0.24590933	-0.27492335
-0.178673	-0.22378983	-0.19157991	-0.20693275	-0.2197012	-0.2766334	0.17329913	-0.1762403	-0.23888855	-0.18125778	0.161509	-0.19456999	-0.2312795	0.20061524	-0.047701355	0.20840308
0.472674	0.46500152	0.46101728	0.4675322	0.5287299	0.43980154	-0.4937	0.45941573	0.4722778	0.51428163	-0.4301834	0.4743851	0.48999792	-0.48194695	0.3440971	-0.46086574
0.25756	0.33860826	0.33128747	0.3204333	0.3177595	0.2831289	-0.30263683	0.30611324	0.31365812	0.2699354	-0.3763407	0.26557067	0.29986027	-0.38785768	0.26232386	-0.27582464
-0.12007216	-0.18725592	-0.08932345	-0.077841744	-0.072537884	-0.11881284	0.13122472	-0.06216971	-0.09022683	-0.16618776	0.17128661	-0.12954251	-0.08473474	0.13824873	-0.052809753	0.0936583
-0.04776104	-0.07909932	-0.10534556	-0.01121472	-0.048652373	-0.13478474	0.02406052	-0.032023385	-0.102086455	-0.07773574	0.05355565	-0.03685192	-0.06915222	0.021376349	-0.046753857	0.12079278
-0.31985113	-0.3307088	-0.3468835	-0.25180277	-0.27100518	-0.34949842	0.3489381	-0.30517173	-0.27052113	-0.33876166	0.2822096	-0.288947	-0.3035463	0.33935633	-0.1698881	0.3159221
0.012551935	0.020524539	0.05431553	-0.03347805	-0.01135799	-0.016710965	-0.0555494	0.0337105	0.03366067	-0.0038253323	0.0026495566	0.05738814	0.040469147	0.019742576	0.023468072	0.020794876
0.10364602	0.03249294	0.06777306	0.034547623	0.053975303	0.05880236	-0.028933505	0.0149847	0.018552655	0.020368678	-0.076139554	0.056009766	-0.012493355	-0.014146452	0.036609307	-0.06799091
-0.5052527	-0.3892649	-0.47135386	-0.4331793	-0.43359774	-0.46389714	0.49846146	-0.41926512	-0.44595614	-0.4643362	0.41927227	-0.47776133	-0.5194426	0.51540595	-0.2213043	0.46703878
-0.30112964	-0.24459128	-0.2687484	-0.25767475	-0.29875863	-0.30217972	0.24944837	-0.28557354	-0.27827242	-0.218121	0.308743	-0.2958101	-0.3293753	0.23849146	-0.1958685	0.28618026
-0.49115276	-0.45418453	-0.45627242	-0.38222736	-0.4882596	-0.44027147	0.39798185	-0.43845373	-0.43024305	-0.40765345	0.40796334	-0.40982082	-0.45107743	0.39922297	-0.1893803	0.44626114
-0.3289174	-0.3629327	-0.29317993	-0.25656003	-0.2783127	-0.31445435	0.34744447	-0.2434233	-0.2699804	-0.27622452	0.33893448	-0.33866405	-0.26742172	0.35364318	-0.20076595	0.238836
0.21179534	0.14781733	0.1901777	0.17646052	0.17045212	0.15720811	-0.23636681	0.1982263	0.17471533	0.21764952	-0.18386579	0.2520619	0.18390082	-0.24710341	0.1105126	-0.20294148
0.40395123	0.4517178	0.48790136	0.42670968	0.40929532	0.44031796	-0.458594	0.3749399	0.47436187	0.41859484	-0.37437955	0.368164	0.48667097	-0.45510387	0.3808132	-0.48537102
-0.1944585	-0.28040686	-0.2594012	-0.23498821	-0.23279585	-0.18633683	0.19883016	-0.24070509	-0.25876924	-0.18720967	0.24393119	-0.23321784	-0.21680988	0.26927674	-0.12868182	0.23435684
-0.42260912	-0.39201507	-0.44833952	-0.40679002	-0.39625365	-0.43631923	0.3416177	-0.45031956	-0.43843594	-0.42758432	0.4446693	-0.41313484	-0.48532015	0.3949569	-0.24133785	0.4418926
0.10232251	0.14713523	0.118937366	0.14905521	0.13574558	0.10016009	-0.0944892	0.13857931	0.11463775	0.11320519	-0.16226433	0.17082462	0.15636402	-0.074698105	0.10368029	-0.13476959
-0.55759746	-0.45291746	-0.499326	-0.48448545	-0.53320867	-0.4784615	0.4904757	-0.51376855	-0.46051374	-0.47688162	0.4771854	-0.45236984	-0.5518301	0.5373059	-0.4114801	0.5137101
-0.47130695	-0.40898535	-0.5256424	-0.45953476	-0.43051654	-0.44353104	0.41088128	-0.40398416	-0.46482515	-0.42209518	0.4792026	-0.47273082	-0.5291273	0.51769847	-0.30615422	0.4922665
0.10014836	0.094930954	0.09812027	0.09493547	0.08929206	0.18156275	-0.12863705	0.15550584	0.08921192	0.11407875	-0.08993785	0.08340956	0.096787326	-0.09539089	0.10156591	-0.123057954
-0.1430465	-0.07443533	-0.16688271	-0.07795195	-0.1525199	-0.13232034	0.19151475	-0.12640373	-0.20049486	-0.18024905	0.10328924	-0.1642057	-0.13127342	0.12983339	-0.12370121	0.20464474
-0.12929428	-0.13690773	-0.0847895	-0.07453821	-0.098484315	-0.029652411	0.042731	-0.11149134	-0.13290702	-0.071964055	0.09830968	-0.10348974	-0.12809986	0.11644059	-0.06943172	0.12546146
0.06927227	0.10032345	0.087818824	0.010382261	0.08853355	0.035736725	-0.068324625	0.05702205	0.122182064	0.091147244	-0.025968157	0.010166387	0.0005787049	-0.10349596	-0.03574911	0.00023807638
0.06296959	0.035101853	0.066019244	0.070626564	0.08815067	0.1102107	0.0005542114	0.100696474	0.07405878	0.12645794	-0.05997055	0.070894405	0.10709553	-0.09333128	0.14783752	-0.11219103
0.2222514	0.197079	0.16725823	0.23818405	0.24010094	0.13640472	-0.22661261	0.22847077	0.23252194	0.17559528	-0.23420969	0.1637528	0.15440898	-0.21407901	0.16247527	-0.19878015
-0.01151421	-0.0035991916	-0.08110974	0.032639332	-0.014680315	-0.0007052526	-0.05820741	0.043976493	-0.04161343	0.04542751	-0.079066105	0.002529594	0.06707375	0.011855567	0.04036735	0.008608161
-0.40194008	-0.40939867	-0.3942126	-0.41118664	-0.42730725	-0.3825179	0.37083802	-0.41837037	-0.40808016	-0.4437687	0.3704286	-0.39720982	-0.45096746	0.38915923	-0.12200683	0.3062619
0.07670657	0.1070759	0.11980177	0.13103099	0.016067151	0.022778492	-0.15268229	0.0492141	0.1048137	0.1461741	-0.035833128	0.08012888	0.1568959	-0.12993297	0.029607456	-0.06567896
0.12217123	0.18218817	0.16337174	0.16244224	0.18645695	0.11674987	-0.18798502	0.17058927	0.11906566	0.15628497	-0.13055964	0.11785541	0.15388487	-0.2253124	0.16534315	-0.19448733
0.3817279	0.325292	0.40590006	0.29668325	0.37661916	0.3659975	-0.29294315	0.36116445	0.40118828	0.42392746	-0.3286385	0.36311582	0.40987766	-0.34016904	0.31475934	-0.41000566
0.16300981	0.1964855	0.2393836	0.11613889	0.15575115	0.24189217	-0.22538441	0.20651117	0.18082441	0.1756503	-0.12979579	0.18290795	0.13711843	-0.18473817	0.11814948	-0.20520185
0.095001236	-0.03059832	-0.010377322	-0.0075863935	0.07024087	-0.07305366	0.0027710155	-0.053445973	0.0527671	-0.0510054	0.06978418	-0.0045767603	-0.037828803	-0.045549273	0.12641077	-0.037232827
-0.034599055	-0.108237006	-0.17024915	-0.113961406	-0.1383313	-0.11641809	0.11788192	-0.15856345	-0.061785232	-0.08742108	0.06219827	-0.14309731	-0.049714293	0.13250428	-0.09303227	0.12657014
0.027195761	0.058426403	0.02217387	0.04934018	0.0016128068	0.00021095059	-0.03796141	-0.02290974	0.027703354	0.07790424	0.025617033	-0.04720478	0.05775204	0.042472847	0.010979071	0.007513817
0.14225121	0.13907206	0.18662949	0.108278796	0.12729836	0.2150833	-0.1741806	0.19243789	0.10704477	0.19489735	-0.07421405	0.18333328	0.24011946	-0.20339939	0.113588855	-0.12785454
-0.50481373	-0.46657592	-0.53415656	-0.45098034	-0.46360612	-0.40032548	0.4963255	-0.47223157	-0.46058834	-0.49755576	0.4845635	-0.4829186	-0.46248782	0.44504634	-0.28305435	0.47049662
-0.26619616	-0.24486756	-0.16653205	-0.19793579	-0.20684734	-0.16327593	0.20745827	-0.24938315	-0.17051081	-0.21422549	0.24793983	-0.26476425	-0.24358279	0.24273984	-0.08813774	0.16420566
-0.31144243	-0.29162303	-0.26692286	-0.2593285	-0.24909638	-0.33100381	0.25963756	-0.291672	-0.27574766	-0.34872192	0.32153347	-0.29623243	-0.3442419	0.23137824	-0.050473128	0.22961909
-0.3529379	-0.33160743	-0.26999485	-0.26750422	-0.25524223	-0.2785919	0.21984506	-0.22146037	-0.30585614	-0.2511007	0.3198487	-0.25940967	-0.2941675	0.28130642	-0.0613559	0.32180482
-0.20726581	-0.16332953	-0.2316652	-0.19279471	-0.24715137	-0.1624904	0.242071	-0.20583849	-0.18863598	-0.19836572	0.1948707	-0.18097074	-0.24344052	0.2168988	-0.03172849	0.14820589
-0.3604014	-0.35318378	-0.41741657	-0.3235034	-0.41704583	-0.38489223	0.36416596	-0.31467548	-0.35656157	-0.40610394	0.33268526	-0.32925645	-0.348715	0.3065391	-0.20771827	0.37981483
0.013441551	-0.057921745	0.048706412	0.017185269	0.045229807	-0.05255253	-0.051698547	0.06822523	-0.008909352	0.039158866	0.01611527	-0.0013109844	0.048783112	-0.014960125	-0.0062955767	-0.05942975
0.37363243	0.378621	0.3860492	0.3582073	0.3242809	0.30243626	-0.39181554	0.32743633	0.33267766	0.32265872	-0.2944945	0.3596283	0.3711382	-0.34759983	0.23706482	-0.34005904
0.008234863	-0.032787632	0.06344141	0.027574254	0.06721287	-0.06356451	0.0037898847	0.05762459	0.036058273	-0.0032740533	-0.04861928	0.0036328656	0.065358445	-0.017710442	0.09314811	-0.040632065
0.11636969	0.10066781	0.09411543	0.047525465	0.056289434	0.018108329	-0.14237742	0.003526466	0.024945194	0.051769707	-0.08372593	0.024700329	0.04656018	-0.10335953	0.11427791	-0.13427761
0.38002482	0.36080068	0.46881568	0.3607158	0.3747074	0.34139112	-0.36825258	0.35780358	0.32872215	0.41308263	-0.46807733	0.37397227	0.43434146	-0.43202785	0.30323827	-0.39061916
0.11690469	0.12719138	0.14202249	0.1001839	0.1799652	0.15736146	-0.14016178	0.13988979	0.17143275	0.14289007	-0.1798685	0.18511075	0.12207452	-0.13792308	0.16098215	-0.102973685
-0.02379727	-0.12068276	-0.069663554	-0.05519172	-0.037574787	-0.08017675	0.042793017	-0.0430745	-0.08559705	-0.014732778	0.07821937	-0.05062653	-0.03541579	0.06254675	0.0033944717	0.08185449
-0.25331736	-0.2812167	-0.34617928	-0.25368142	-0.2703217	-0.27695313	0.26023206	-0.29582426	-0.27207044	-0.25533485	0.3097912	-0.2963686	-0.34345514	0.26828685	-0.21942087	0.29450807
-0.40499124	-0.35366958	-0.4728377	-0.3260111	-0.37603685	-0.3907297	0.40674832	-0.39878005	-0.36401838	-0.44798908	0.34903482	-0.40176323	-0.3765935	0.32979718	-0.32433158	0.4089453
0.45397508	0.43300512	0.46469605	0.44132343	0.45071903	0.39348933	-0.4718307	0.38909158	0.50505185	0.46472868	-0.4149279	0.48841524	0.43048635	-0.46202907	0.3557995	-0.48162764
-0.20467265	-0.22719899	-0.2280055	-0.18510363	-0.2083828	-0.23013754	0.13228193	-0.16621208	-0.19275947	-0.19473383	0.1750138	-0.23831132	-0.21139786	0.17406002	-0.08841494	0.21220963
0.4667931	0.41981626	0.45856884	0.42205325	0.45919278	0.37884977	-0.39991552	0.41533852	0.47966105	0.4841385	-0.4482966	0.4355216	0.49669838	-0.45170608	0.2798279	-0.47375792
0.5039033	0.49131185	0.47727588	0.40763137	0.5384278	0.45660415	-0.505605	0.47086447	0.45005813	0.40459296	-0.49559495	0.4261643	0.47096848	-0.44457993	0.32590982	-0.5417838
0.34507748	0.32407567	0.3338151	0.28657502	0.3360283	0.34823608	-0.33242753	0.38836983	0.38791418	0.39932278	-0.34448326	0.364652	0.30103928	-0.36514235	0.26155627	-0.39273435
-0.20156614	-0.16580836	-0.2595317	-0.23474127	-0.17401637	-0.23465939	0.15421368	-0.22863267	-0.18228434	-0.20590185	0.23077978	-0.12150468	-0.19732219	0.18663934	-0.086318836	0.1972672
0.13875167	0.11741428	0.20023125	0.09971312	0.108808935	0.08401989	-0.13931398	0.13491659	0.088684194	0.13881384	-0.21793771	0.12753123	0.14350404	-0.14883645	0.06140556	-0.109195806
-0.07602215	-0.088930435	-0.12197253	-0.081559606	-0.036363315	-0.036390636	0.098828375	-0.038231526	-0.037905104	0.0013709498	0.0989033	-0.12794621	-0.08057224	0.05307046	-0.018235534	0.02996908
-0.103732444	-0.09677493	-0.14738199	-0.110088885	-0.07684251	-0.11147507	0.057859454	-0.06575772	-0.11453556	-0.11705287	0.08679357	-0.07493217	-0.103101075	0.17485237	-0.09031837	0.047291722
0.06818305	0.042841762	0.041643456	0.039563134	0.12945722	0.043794475	-0.020966226	0.08364512	0.13751303	0.06989629	-0.07864599	0.02756419	0.1208634	-0.1052235	0.05833797	-0.025482124
-0.453279	-0.48451287	-0.5133562	-0.48062935	-0.5057737	-0.42957208	0.45812413	-0.52850616	-0.45184916	-0.48217076	0.4631874	-0.43569922	-0.44950154	0.52305794	-0.30152586	0.4335337
-0.08104893	-0.12186876	-0.04219684	-0.074808285	-0.02592665	-0.09323259	0.025597574	-0.04636972	-0.11378368	-0.015352789	0.06940355	-0.11782541	-0.084527664	0.036630467	0.03660129	0.04658469
0.032302782	-0.03271665	-0.023114348	-0.050188985	0.008418865	-0.067652136	0.024752451	0.017526858	-0.06426115	-0.023768576	0.010705272	-0.0061661154	-0.07926582	0.019975351	0.08588968	0.009438846
0.2442992	0.12720013	0.121660754	0.17754965	0.15687063	0.20031361	-0.15568174	0.24358647	0.16771667	0.21077459	-0.17218502	0.13575365	0.24382085	-0.21599562	0.13407513	-0.18484613
-0.19729428	-0.26093704	-0.24002308	-0.18708944	-0.25969717	-0.25703365	0.21015644	-0.27773154	-0.25717583	-0.24307758	0.20208634	-0.26415285	-0.23018791	0.23510985	-0.016315492	0.2939765
-0.4112931	-0.3955328	-0.48627073	-0.35516176	-0.3792349	-0.39028913	0.4612473	-0.4204877	-0.4794567	-0.40309218	0.44538265	-0.37956846	-0.44673035	0.44318256	-0.31661516	0.47055802
0.09717073	0.11218716	0.07093518	0.10099919	0.15989585	0.011526292	-0.10414916	0.12326079	0.13508534	0.07049146	-0.14693126	0.057484202	0.10637192	-0.072609514	0.07252843	-0.03660127
-0.25392485	-0.21454038	-0.25497133	-0.21965237	-0.25739247	-0.24260764	0.23729752	-0.25355962	-0.31634697	-0.2766369	0.26805237	-0.22328661	-0.28206566	0.28259397	-0.17859018	0.2350112
-0.4936287	-0.4985681	-0.50545853	-0.45631033	-0.49812245	-0.42498875	0.49025863	-0.39527413	-0.4644616	-0.41315374	0.41180456	-0.47386515	-0.47885868	0.41092655	-0.3809856	0.455615
-0.19816634	-0.22975111	-0.252678	-0.17918472	-0.24837257	-0.1926035	0.26439878	-0.22185497	-0.2021207	-0.23727107	0.21317664	-0.18999116	-0.16695926	0.19697054	-0.12660404	0.23642749
-0.3770374	-0.36851612	-0.38845137	-0.2470285	-0.3865348	-0.36858788	0.3699826	-0.2932032	-0.3922619	-0.33942613	0.3857507	-0.3452972	-0.33370227	0.30581218	-0.16161218	0.3175415
0.14031158	0.07797041	0.14938694	0.15630496	0.18522763	0.14331734	-0.14456579	0.1276983	0.20395358	0.14310947	-0.14080675	0.12437974	0.21351035	-0.13785452	0.09157372	-0.2228524
0.12488019	0.14745316	0.093518086	0.08288839	0.123727456	0.13089964	-0.122340366	0.13896199	0.0393807	0.1114372	-0.066755466	0.067809016	0.01432305	-0.1655069	0.006134964	-0.1264942
0.054353	0.0176767	0.071667105	-0.008056257	0.08177309	0.056205463	0.006472082	0.041325334	0.032165036	0.09432284	-0.062031858	0.07659736	0.043079194	-0.017690094	0.13062735	-0.072328046
0.3205311	0.29601094	0.24337657	0.20821968	0.2831984	0.27061766	-0.3017396	0.24549632	0.32282734	0.21663873	-0.25524488	0.22935574	0.29850808	-0.3379488	0.19553982	-0.2965454
0.41093865	0.38804245	0.46390012	0.36331278	0.43255973	0.32134035	-0.39871687	0.39434665	0.37023363	0.4269851	-0.41571	0.41980934	0.41298413	-0.3906255	0.27828127	-0.44453964
0.42434168	0.40631127	0.38321477	0.3973543	0.43695563	0.3417972	-0.45427364	0.40198758	0.3794779	0.41047445	-0.39446995	0.34445393	0.46232006	-0.402912	0.2621753	-0.3915602
0.31037235	0.34567308	0.30521253	0.2462288	0.27789912	0.21008715	-0.31872842	0.32558554	0.30736622	0.2927048	-0.31160522	0.35453305	0.35012454	-0.3078406	0.21310085	-0.28361154
0.12995453	0.13355798	0.07421138	0.11697548	0.14041945	0.0990746	-0.10339193	0.13842495	0.17483611	0.05783385	-0.108304195	0.057770457	0.13695544	-0.16448109	0.15104999	-0.16570292
0.3238283	0.28785127	0.23167695	0.2782149	0.21712412	0.20298865	-0.23070313	0.3049227	0.2902644	0.27631772	-0.18629842	0.25278896	0.32388365	-0.25560704	0.20542	-0.20872484
0.17681505	0.2350649	0.24740669	0.18761522	0.23006742	0.16112837	-0.14499553	0.205645	0.21405382	0.15390454	-0.18015507	0.16690642	0.26051614	-0.20330556	0.1572236	-0.15999421
-0.20898125	-0.2775182	-0.2452545	-0.24696282	-0.28351083	-0.22028725	0.25885278	-0.2512211	-0.23160955	-0.22756393	0.20193663	-0.23203582	-0.27288747	0.1648933	-0.1494366	0.2124555
0.11585454	0.15033896	0.115172885	0.08108836	0.118211746	0.115483455	-0.10864054	0.155819	0.15517268	0.12036946	-0.13851511	0.12505287	0.09256229	-0.07239253	0.099561095	-0.17325453
0.17115442	0.15362777	0.19977935	0.19792467	0.22518608	0.19848558	-0.20044924	0.21270551	0.14053738	0.15927842	-0.21905796	0.2619799	0.2170407	-0.21117984	0.1433341	-0.13612479
0.34426728	0.27617472	0.40017453	0.32510254	0.28656036	0.2621869	-0.30216554	0.34888697	0.3309283	0.3196597	-0.28026912	0.34349927	0.28247154	-0.3476895	0.29362693	-0.3635301
-0.07802779	-0.054961473	-0.032019723	-0.03027781	-0.08770424	-0.07662256	0.07896084	-0.049997337	-0.021146668	-0.11079627	0.10159481	-0.025225924	-0.039775837	0.068056636	0.05344782	0.053273004
0.12557767	0.23529723	0.2813814	0.21498968	0.22305495	0.12617864	-0.16344555	0.25618696	0.2503461	0.19839533	-0.18959397	0.22781813	0.22932002	-0.22206205	0.227787	-0.2093094
0.029594582	0.047242124	0.059634622	0.10994224	0.07416323	0.08756848	-0.043763418	0.104962535	0.01074401	0.068663165	-0.13748263	0.11569766	0.09843981	-0.08816325	0.05179813	-0.06886891
-0.161573	-0.08636581	-0.060587224	-0.10355398	-0.15148824	-0.11740526	0.052162983	-0.085289486	-0.099996716	-0.12054175	0.1278218	-0.12950183	-0.040381707	0.08599947	-0.02737002	0.08623972
0.23809846	0.09377907	0.15020023	0.10631482	0.1807872	0.16549125	-0.18316911	0.16751063	0.13078202	0.18436266	-0.16427812	0.1261159	0.19498327	-0.1793604	0.08325723	-0.16389845
0.044681862	0.091066696	0.055641174	0.01449306	0.09108234	0.0059254607	-0.007834097	0.058424648	0.05433841	0.040404536	-0.050083917	0.034408327	0.050122134	-0.07463403	0.08765344	-0.05618062
0.06623423	0.07409371	-0.014079158	-0.03661872	0.010765188	0.07391493	0.04190091	0.06604488	0.0913068	-0.034651887	0.009141368	0.056329053	0.029950738	-0.07109374	0.04407141	-0.030610662
-0.003606448	0.043983575	-0.0024400684	-0.090966284	-0.018906133	-0.080126524	0.061842218	-0.0013203378	-0.01329013	-0.020710615	0.018784596	0.029670505	-0.057494685	0.0066123223	-0.016582819	0.036192577
-0.064279854	-0.15709747	-0.02434074	-0.056254484	-0.124026895	-0.087881476	0.06667456	-0.069155104	-0.13816465	-0.12978236	0.08055092	-0.0937463	-0.06760748	0.13683474	-0.055371765	0.09438927
0.2618573	0.24273655	0.1950101	0.16247907	0.22549482	0.221728	-0.23458724	0.17941682	0.24283202	0.25962022	-0.18519628	0.16991255	0.17817959	-0.18663767	0.16864702	-0.20827535
-0.10350913	-0.07062278	-0.13768505	-0.1302958	-0.0430327	-0.10388861	0.10111453	-0.09740677	-0.12976739	-0.050617173	0.09483703	-0.06114602	-0.024752963	0.12952167	0.034080334	0.0014106814
0.15622845	0.16341455	0.24555814	0.13792214	0.18737602	0.13232231	-0.1754368	0.21189125	0.18547404	0.17012042	-0.21976918	0.17490654	0.15087803	-0.15866035	0.12862034	-0.14165075
0.49092114	0.3767161	0.43966696	0.36284378	0.43986192	0.45441422	-0.3957642	0.37769648	0.4072019	0.4233328	-0.3896096	0.44605827	0.43085358	-0.37680182	0.32889733	-0.39851403
-0.05808327	-0.012700936	-0.07115897	-0.016586492	-0.056574095	-0.069367535	0.0062800804	-0.054894958	-0.03503583	-0.15617584	0.076660305	-0.0834614	-0.03183986	0.007354232	-0.015017346	0.037098434
-0.2238784	-0.14933352	-0.23004356	-0.18903857	-0.18495376	-0.25104523	0.17150743	-0.20437436	-0.23089072	-0.21095845	0.23581842	-0.19153948	-0.15735357	0.25629547	-0.06179275	0.2123116
0.3881648	0.38996813	0.44778925	0.40086424	0.35678467	0.40681362	-0.44251752	0.38253462	0.4414245	0.38875362	-0.43430603	0.39111385	0.43661574	-0.40398774	0.26964363	-0.4075689
0.24377067	0.19167061	0.2885457	0.21328583	0.19715111	0.2702209	-0.2138691	0.26981702	0.27969062	0.2547452	-0.22098538	0.26421723	0.27414986	-0.2236962	0.1453869	-0.28314313
0.09127641	0.09460897	0.0036505447	0.010301208	0.07834925	0.06945862	-0.061131764	0.08118928	0.022987567	0.08733982	-0.008361322	0.083785705	0.010840454	-0.13526754	0.016283989	-0.035059594
0.12719685	0.1360898	0.06318673	0.12644206	0.11190802	0.049880426	-0.11439996	0.08005937	0.12976205	0.05489374	-0.10711025	0.15224124	0.11011257	-0.1771871	0.11491042	-0.10001702
-0.31556016	-0.23817119	-0.3485474	-0.23411493	-0.2561962	-0.2522411	0.28413758	-0.28499016	-0.33523223	-0.19321801	0.21011844	-0.3130014	-0.37790054	0.26619992	-0.1996485	0.2898021
0.001778793	0.032453615	0.019666402	0.04066956	-0.022740325	0.06483963	-0.062486075	0.037089538	0.04456565	0.03824182	-0.034835655	0.048667062	0.0907417	-0.037279755	0.119882636	-0.022767514
0.0018469279	0.035742287	0.078719296	-0.024763338	-0.010672194	-0.034754403	-0.0018325483	-0.003435142	0.022408515	-0.023509914	-0.013494895	-0.01440382	0.01709357	-0.028979471	0.03249007	-0.015317438
0.09676002	0.0594545	0.16187206	0.08474607	0.11688038	0.032597482	-0.10834642	0.07067603	0.08582811	0.015087656	-0.107296	0.03774247	0.0645907	-0.0888796	0.09663581	-0.042181157
0.08217639	0.09669435	0.04122914	0.05964174	0.115035765	0.08828683	-0.07121249	0.07193996	0.062480945	0.1211564	-0.053055756	0.0787522	0.051310003	-0.11792186	0.023568626	-0.048447266
0.020044152	-0.01782898	0.04523454	-0.027895305	-0.02376274	-0.051088974	0.039483786	0.015516222	0.05648615	-0.006007249	0.029552512	0.05231182	0.0029131689	-0.002159972	0.054488674	0.010742385
-0.07328082	-0.093303666	-0.043742463	-0.107266724	-0.10792268	-0.030366508	0.10380042	-0.121650755	-0.07087674	-0.07784097	0.16987614	-0.11552142	-0.008901841	0.1384096	-0.0637911	0.14072312
-0.007714049	-0.00896988	-0.023494624	-0.12370101	-0.059830092	-0.042481788	0.033924215	-0.051896136	-0.09420212	-0.010915006	0.05272856	-0.05143409	-0.042536218	0.082258105	-0.02274626	0.033320878
0.36164224	0.4041291	0.44369844	0.3069587	0.3515957	0.39784598	-0.3930414	0.42026883	0.36177194	0.40049788	-0.3415104	0.36463824	0.37189624	-0.35465017	0.3087084	-0.39352456
-0.01825796	-0.0018462331	-0.06213223	0.015610281	-0.0020425504	0.004848337	-0.0015482253	-0.000626913	0.01940516	-0.012581889	0.038547862	0.013330045	-0.029881516	-0.021277728	0.04565612	0.030023357
0.24404034	0.27949187	0.25941056	0.2833276	0.28463277	0.2866727	-0.26862463	0.33544078	0.21492568	0.28537095	-0.2514862	0.23898053	0.31484532	-0.30499518	0.14718497	-0.28905234
0.40680307	0.36161283	0.38484785	0.31061897	0.4094502	0.37512144	-0.38983375	0.3209127	0.3383887	0.3249557	-0.3293954	0.32467648	0.3748238	-0.3692677	0.22029604	-0.44161987
0.34181008	0.34473535	0.3444198	0.271245	0.3888756	0.26698965	-0.34937727	0.32873705	0.3003233	0.3943454	-0.36011583	0.38015664	0.36219797	-0.40282458	0.29403448	-0.30978355
-0.34601846	-0.3595399	-0.40690884	-0.36048803	-0.42366654	-0.3895541	0.39511463	-0.42152753	-0.35677546	-0.39831606	0.3680487	-0.3762207	-0.43786183	0.40155816	-0.23948961	0.386553
-0.3825008	-0.42805824	-0.39245102	-0.36804914	-0.39368457	-0.32060495	0.34018627	-0.31848633	-0.37982914	-0.42026436	0.33419263	-0.36238807	-0.3840395	0.3614865	-0.18709244	0.36912268
-0.15690885	-0.1386407	-0.11894552	-0.13959725	-0.12246688	-0.083239235	0.15264693	-0.17389339	-0.14584118	-0.1939851	0.13810818	-0.14311028	-0.14981323	0.15924512	-0.13391973	0.11254679
-0.038396522	-0.09392906	-0.032348137	-0.0754535	-0.105798356	-0.028996369	0.0024489164	-0.10708054	-0.10494476	-0.10504032	0.04831874	-0.037449952	-0.08455023	0.009449543	-0.056607675	0.1211994
-0.42102313	-0.40669385	-0.453426	-0.37167722	-0.39052814	-0.4159927	0.44466385	-0.37669128	-0.3696524	-0.42854553	0.40125802	-0.36316147	-0.42686436	0.40628806	-0.241588	0.40470374
-0.058444355	0.018877208	-0.017805753	-0.055215925	-0.063992925	0.01502176	0.037463814	-0.032069404	-0.0049827104	-0.015890943	0.08359778	-0.03465742	-0.033172436	0.08016884	-0.022923905	0.047662057
-0.37881997	-0.37062675	-0.37977526	-0.3067881	-0.3101165	-0.30835822	0.35882184	-0.39391086	-0.35881838	-0.36162078	0.36382955	-0.3065272	-0.40088752	0.38344216	-0.1829353	0.39158848
0.034038465	0.03527094	0.02187432	0.103835106	0.018653484	0.057420067	-0.025929036	0.06424222	0.116744615	0.058729842	-0.06359413	0.0009735198	0.062433917	-0.048513964	0.009433142	-0.0670265
0.17602469	0.19364263	0.2303001	0.1979668	0.21497256	0.19585757	-0.21187589	0.16918533	0.15540172	0.21915731	-0.13944733	0.12377202	0.22216856	-0.22039728	0.19589564	-0.27020943
0.247507	0.17728668	0.1318836	0.22542875	0.21798362	0.087103866	-0.14810802	0.1834908	0.2047216	0.13187505	-0.16919227	0.119340524	0.2417373	-0.19664727	0.16186854	-0.20754126
0.06421068	0.10052307	0.10145141	0.1339156	0.087739885	0.1317599	-0.08963754	0.11747711	0.12222479	0.1690772	-0.10722191	0.042886555	0.19618493	-0.11472366	0.101900294	-0.1115028
-0.19310597	-0.22216672	-0.29810783	-0.23205301	-0.2925958	-0.16897485	0.27318484	-0.23296165	-0.20939612	-0.24581261	0.2666457	-0.27323145	-0.24379234	0.2049393	-0.15775436	0.22404091
0.0013741655	0.038539253	0.06312493	0.10098205	0.090923	0.058027357	-0.13523048	0.14517175	0.025565408	-0.0058864886	-0.04357132	0.039654195	0.059553042	-0.041008294	0.037137177	-0.067609005
0.35379332	0.34423774	0.39907616	0.38585764	0.38655543	0.30631506	-0.32335895	0.41340247	0.41756573	0.31372374	-0.33042917	0.38046402	0.40098038	-0.4265381	0.23433164	-0.3694046
-0.1577855	-0.08793165	-0.15491594	-0.14397216	-0.12632269	-0.16848138	0.09447319	-0.12506272	-0.16556357	-0.16382104	0.10297415	-0.16382153	-0.147555	0.12653054	-0.07854887	0.16795744
-0.33399633	-0.3110722	-0.30313826	-0.20532751	-0.28818658	-0.25357547	0.28814837	-0.3098258	-0.23498063	-0.28684184	0.31288108	-0.32609314	-0.28972727	0.24171129	-0.16971463	0.23205136
0.18104848	0.21495943	0.17168818	0.12320786	0.22498316	0.11876079	-0.1579335	0.13535589	0.20536916	0.20605917	-0.14253072	0.18799092	0.20309784	-0.14029293	0.19212408	-0.21632682
0.17590457	0.15832101	0.21513002	0.10407899	0.1128058	0.078356065	-0.16653684	0.13507102	0.21268447	0.14328423	-0.11826815	0.15039873	0.1727139	-0.08907542	0.10400694	-0.17975777
-0.02104435	-0.025895845	-0.08025556	0.010460903	-0.0040777135	-0.08271805	0.097414844	-0.08424543	-0.055337932	-0.062807	0.0523299	-0.035570808	-0.032727286	0.086626776	0.10385803	-0.014221241
-0.40557936	-0.36239028	-0.44207194	-0.34509122	-0.42844576	-0.40275174	0.40153545	-0.33177462	-0.3722427	-0.34507275	0.4659321	-0.41159862	-0.38056958	0.38278043	-0.19453253	0.4365847
-0.106042035	-0.043580398	-0.13078895	-0.09992963	-0.12394609	-0.08258398	0.088266745	-0.1376052	-0.051912777	-0.08934075	0.2008653	-0.12226832	-0.113339245	0.030601393	0.019755699	0.06954588
-0.17878218	-0.23644908	-0.22221294	-0.15956269	-0.16220608	-0.17266753	0.20867647	-0.14798759	-0.14379294	-0.20564537	0.23437561	-0.15749434	-0.20532438	0.14877006	-0.085275196	0.15422684
0.13351144	0.12784946	0.07511148	0.11597821	0.115888886	0.119652115	-0.11185368	0.12619068	0.04097944	0.12988041	-0.1660039	0.124813326	0.14212333	-0.06877859	0.15942124	-0.21514484
0.17050198	0.1116789	0.17424211	0.13576497	0.14900991	0.18651007	-0.22877781	0.1968489	0.12693007	0.17990847	-0.1953016	0.1597278	0.19180796	-0.16474174	0.13978137	-0.22485082
0.27451566	0.27866182	0.20375304	0.21280913	0.19047832	0.1546903	-0.2604702	0.27491003	0.1933226	0.20156766	-0.2892419	0.24027097	0.26794207	-0.21219938	0.17673893	-0.26798674
0.45351073	0.37398723	0.48233587	0.39997804	0.42680007	0.43845737	-0.4345141	0.39097747	0.4223924	0.4367371	-0.44690046	0.4352045	0.45663044	-0.43549082	0.29957536	-0.43324855
-0.3713362	-0.32652014	-0.42177328	-0.33817038	-0.4264635	-0.32453603	0.34990144	-0.37859645	-0.34058487	-0.35238627	0.3853551	-0.36216164	-0.3889911	0.41536915	-0.25578177	0.33735964
-0.012922271	-0.046459507	0.025114775	-0.08630078	-0.029449861	-0.06568113	-0.030711595	0.020691918	-0.059100073	-0.037224833	0.11274114	-0.026214138	0.0067143077	0.07596923	0.010043573	0.061400536
-0.13848606	-0.14006089	-0.106944084	-0.13186735	-0.110638306	-0.079344295	0.077117205	-0.021206567	-0.14367233	-0.1750807	0.08734041	-0.13022779	-0.14822467	0.09542306	-0.031119063	0.069360845
0.022741178	-0.02581715	-0.016328434	-0.034890883	-0.01898673	-0.01650388	0.0003850807	-0.0054795407	0.07055544	0.09148293	0.049872737	0.059387565	0.0526904	-0.010029445	-0.078674346	0.03648274
-0.047198836	-0.12182639	-0.04085694	-0.07228707	-0.118765935	-0.13443927	0.10085812	-0.14789243	-0.11371441	-0.06154329	0.056480166	-0.12327678	-0.08312191	0.112478256	-0.024568856	0.07499941
-0.32649612	-0.27943936	-0.39457458	-0.24934287	-0.3280697	-0.33107182	0.23904485	-0.29496533	-0.2816329	-0.29380274	0.25866714	-0.24138767	-0.34376132	0.31184435	-0.25578037	0.2836742
-0.44517806	-0.35680687	-0.45753965	-0.31782174	-0.39896494	-0.44338736	0.38866335	-0.38927868	-0.4243031	-0.4155532	0.38781282	-0.4099825	-0.4413236	0.4795939	-0.26992556	0.45374426
-0.09988455	-0.012113041	-0.05077942	-0.046754465	-0.11508339	-0.13210455	0.027031872	-0.08039557	-0.006795605	-0.020100037	0.03896999	-0.07865708	-0.06927221	0.14869857	0.018235253	-0.0065853344
0.45805633	0.42093265	0.41393813	0.35356393	0.4133225	0.35294032	-0.3779198	0.41499794	0.42815638	0.37907934	-0.38542175	0.3530953	0.4211202	-0.4412938	0.31129938	-0.37259296
-0.13983466	-0.18908738	-0.08597532	-0.13520983	-0.114857994	-0.116368115	0.12884797	-0.09727853	-0.1173617	-0.108558446	0.12818651	-0.056701172	-0.11662426	0.10650266	-0.02498665	0.030129036
-0.06208593	0.009199653	0.009577009	0.047360018	0.020792821	-0.017804965	0.062300388	0.011587448	0.02687925	-0.025241543	-0.051677648	0.07709981	-0.022277022	-0.05602935	-0.021889651	-0.07938734
0.06926405	0.1081448	0.1776919	0.11203787	0.07106299	0.042194773	-0.12810554	0.15313722	0.107556984	0.11157834	-0.10800901	0.053355053	0.10753822	-0.1514357	0.12651725	-0.13872424
-0.28844476	-0.30666125	-0.3593038	-0.23067358	-0.34168503	-0.26380408	0.30448404	-0.24667098	-0.2688142	-0.3346077	0.32328525	-0.21861057	-0.29369578	0.2955791	-0.19305162	0.28687322
0.064449325	0.10320446	-0.0044342945	0.02365774	0.06384309	0.06753566	-0.056553997	0.067462906	0.01331373	-0.0117791	-0.08797613	0.01753499	0.051258586	-0.048363566	0.04359413	0.00777291
0.39830038	0.3353363	0.40065512	0.33881593	0.34594962	0.31137764	-0.32491258	0.34695172	0.36167523	0.32307488	-0.39246818	0.36784813	0.35090214	-0.39409932	0.23872142	-0.3614834
0.33220127	0.29962048	0.29473388	0.20792943	0.3373678	0.22187507	-0.24629673	0.29917762	0.2955369	0.25261968	-0.2961213	0.26926106	0.33168814	-0.34884068	0.21013562	-0.3157368
-0.1028294	-0.08628245	0.0035532722	-0.08035438	-0.051615957	-0.08710238	0.012447701	0.011566684	-0.01733146	-0.030422445	0.054375138	-0.044923905	0.012500783	0.033754874	0.11213374	0.040261727
-0.04324317	-0.116279095	0.032218333	-0.03596504	-0.0006681277	-0.100282624	-0.028250922	-0.085134715	-0.03207335	-0.07191086	0.038598493	-0.09137357	-0.059626915	-0.007005276	0.010677196	0.03916867
-0.06915199	-0.067999244	-0.045640215	-0.06927423	-0.09883649	-0.0939279	0.083353005	-0.10255873	-0.05456103	-0.107696734	0.035233576	-0.1160316	-0.09142631	0.054467022	-0.07964263	0.08661756
0.28649583	0.24002318	0.33663002	0.2618353	0.3008038	0.25544432	-0.2706261	0.2488942	0.2720892	0.2723785	-0.29820076	0.2768899	0.28045705	-0.2779994	0.24690323	-0.27269518
